-- MySQL dump 10.13  Distrib 8.0.15, for Win64 (x86_64)
--
-- Host: 127.0.0.1    Database: watermill
-- ------------------------------------------------------
-- Server version	8.0.15

# Create Database - watermill
DROP DATABASE IF EXISTS watermill;
CREATE DATABASE watermill;
USE watermill;

--
-- Table structure for table supplier
--
CREATE TABLE IF NOT EXISTS supplier (
  supplierName varchar(255) NOT NULL,
  postalCode varchar(10) NOT NULL,
  location varchar(255) NOT NULL,
  country varchar(20) NOT NULL,
  deliveryDays int(11) NOT NULL,
  PRIMARY KEY (postalCode));
  
--
-- Table structure for table supplierContact
--
CREATE TABLE IF NOT EXISTS supplierContact (
  contactId int NOT NULL auto_increment,
  supplierPostalCode varchar(10) NOT NULL,
  contactName varchar(30) NOT NULL,
  contactPosition varchar(30) NOT NULL,
  email varchar(50),
  phoneNumber varchar(30),
  primary key (contactId),
  FOREIGN KEY (supplierPostalCode) REFERENCES supplier(postalCode));

--
-- Table structure for table category
--
CREATE TABLE IF NOT EXISTS category (
  categoryId int NOT NULL,
  categoryName varchar(255) NOT NULL,
  employeeId int(11),
  PRIMARY KEY (categoryId)
);

--
-- Table structure for table location
--
CREATE TABLE IF NOT EXISTS location (
  locationId varchar(20) NOT NULL,
  locationDescription varchar(255),
  locationStatus tinyint(1) NOT NULL,
  PRIMARY KEY (locationId)
);

--
-- Table structure INSERT INTO location
--
INSERT INTO location
VALUES 
 	('01-01-01','First Floor, Bay 01, Shelf 01', 1), 
 	('01-01-02','First Floor, Bay 01, Shelf 02', 1),
    ('01-01-03','First Floor, Bay 01, Shelf 03', 1),
    ('01-01-04','First Floor, Bay 01, Shelf 04', 1),
    ('01-02-01','First Floor, Bay 02, Shelf 01', 1), 
 	('01-02-02','First Floor, Bay 02, Shelf 02', 1),
    ('01-02-03','First Floor, Bay 02, Shelf 03', 1),
    ('01-02-04','First Floor, Bay 02, Shelf 04', 1),
	('01-03-01','First Floor, Bay 03, Shelf 01', 1), 
 	('01-03-02','First Floor, Bay 03, Shelf 02', 1),
    ('01-03-03','First Floor, Bay 03, Shelf 03', 1),
    ('01-03-04','First Floor, Bay 03, Shelf 04', 1),
    ('01-04-01','First Floor, Bay 04, Shelf 01', 1), 
 	('01-04-02','First Floor, Bay 04, Shelf 02', 1),
    ('01-04-03','First Floor, Bay 04, Shelf 03', 1),
    ('01-04-04','First Floor, Bay 04, Shelf 04', 1),
    ('01-05-01','First Floor, Bay 05, Shelf 01', 1), 
 	('01-05-02','First Floor, Bay 05, Shelf 02', 1),
    ('01-05-03','First Floor, Bay 05, Shelf 03', 1),
    ('01-05-04','First Floor, Bay 05, Shelf 04', 1),
    ('01-06-01','First Floor, Bay 06, Shelf 01', 1), 
 	('01-06-02','First Floor, Bay 06, Shelf 02', 1),
    ('01-06-03','First Floor, Bay 06, Shelf 03', 1),
    ('01-06-04','First Floor, Bay 06, Shelf 04', 1);
    
--
-- Table structure for table item
--
CREATE TABLE IF NOT EXISTS item (
  itemId bigint(20) NOT NULL,
  title varchar(255) NOT NULL,
  categoryId int(11) NOT NULL,
  currentPrice double NOT NULL,
  galleryFile text,
  sellingState varchar(255),
  saleTitle text,
  topRated int(11),
  saleId int,
  reorder int,
  PRIMARY KEY (itemId),
  FOREIGN KEY (categoryId) REFERENCES category(categoryId)
  #FOREIGN KEY (saleId) REFERENCES sale(saleId)
  );
  
--
-- Table structure for table sale
--
CREATE TABLE IF NOT EXISTS sale (
  saleId int NOT NULL auto_increment,
  discount smallint NOT NULL,
  categoryId int,
  itemId bigint(20),
  startDate date NOT NULL,
  endDate date NOT NULL,
  PRIMARY KEY (saleId),
  #FOREIGN KEY (categoryId) REFERENCES category(categoryId),
  FOREIGN KEY (itemId) REFERENCES item(itemId)
);

--
-- Table structure for table itemLocation
--
CREATE TABLE IF NOT EXISTS itemLocation (
itemId bigint(20) NOT NULL,
locationQuantity mediumint,
locationId varchar(20) NOT NULL,
PRIMARY KEY (itemId, locationId),
FOREIGN KEY (itemId) REFERENCES item(itemId),
FOREIGN KEY (locationId) REFERENCES location(locationId)
);

--
-- Table structure for table itemSupplier
--
CREATE TABLE IF NOT EXISTS itemSupplier (
  itemId bigint(20) NOT NULL,
  postalCode varchar(10) NOT NULL,
  currentPrice double NOT NULL,
  PRIMARY KEY (itemId, postalCode),
  FOREIGN KEY (postalCode) REFERENCES supplier(postalCode),
  FOREIGN KEY (itemId) REFERENCES item(itemId)
);

--
-- Table structure for table employee
--
CREATE TABLE IF NOT EXISTS employee (
  employeeId int(11) NOT NULL AUTO_INCREMENT,
  firstName varchar(20) NOT NULL,
  lastName varchar(20) NOT NULL,
  email varchar(40) NOT NULL,
  accountPassword varchar(255) NOT NULL,
  permission smallint NOT NULL,
  jobRole varchar(30) NOT NULL,
  PRIMARY KEY (employeeId));


--
-- Table structure for table purchaseOrder
--
CREATE TABLE IF NOT EXISTS purchaseOrder (
  poID int NOT NULL auto_increment,
  supplierPostalCode varchar(10) NOT NULL,
  created date NOT NULL,
  employeeId int(3) not null,
  orderStatus varchar(20),
  deliveredOn date,
  PRIMARY KEY (poID),
  FOREIGN KEY (supplierPostalCode) REFERENCES supplier(postalCode),
  FOREIGN KEY (employeeId) REFERENCES employee(employeeId)
);

--
-- Table structure for table poDetails
--
CREATE TABLE IF NOT EXISTS poDetails (
  poID int NOT NULL,
  itemId bigint(20) NOT NULL,
  quantity int NOT NULL,
  PRIMARY KEY (poID, itemId),
  FOREIGN KEY (poID) REFERENCES purchaseOrder(poID),
  FOREIGN KEY (itemId) REFERENCES itemSupplier(itemId)
);

-- Dump completed on 2019-02-23

--
-- Dumping data for table cat
--
LOCK TABLES `category` WRITE;
/*!40000 ALTER TABLE `category` DISABLE KEYS */;
INSERT INTO `category` VALUES (2034,'Other Garden Ornaments',2),(4959,'Dried & Artificial Flowers',2),(6114,'Portmeirion',2),(10034,'Other Home Decor',2),(11498,'Boots',2),(16038,'Camping Tables & Chairs',2),(20509,'Other Garden Lighting',3),(20513,'Windchimes & Mobiles',2),(20518,'Baskets Pots & Window Boxes',2),(20527,'Annuals & Biennials',2),(20563,'Cushions',2),(20589,'Other Safety & Security',2),(20593,'Other Door Accessories',2),(20594,'Other DIY Materials',2),(20608,'Waste Bins & Dustbins',2),(29432,'Fairies/Pixies',2),(29511,'Statues & Lawn Ornaments',2),(29522,'Other Watering Equipment',2),(43421,'Thermometers',3),(43506,'Shoe Storage',2),(43538,'Trellises',2),(46435,'Hose Reels & Storage',2),(48319,'Bean Bags & Inflatables',2),(50365,'Other Weed & Pest Control',3),(57230,'Other Ponds & Water Features',2),(63891,'Locks & Keys',4),(67023,'Work Gloves',4),(75579,'Bird Baths  Feeders & Tables',4),(75671,'Wheelbarrows & Carts',3),(79682,'Garden Chairs  Swings & Benches',2),(94940,'Landscape & Walkway Lights',2),(116022,'Fairy Lights',3),(118861,'Stones  Gravel & Chippings',3),(125072,'Baskets',3),(139849,'Garden & Patio Furniture Sets',3),(139948,'Garden Gates',3),(139956,'Garden Sheds',2),(151604,'Hoses',4),(159897,'Storage Boxes',4),(161008,'Edging & Borders',4),(170103,'Party Decoration',4),(177031,'Outdoor Furniture Covers',4),(178984,'Garden Sprayers',4),(180980,'Other Paint & Varnish',2),(180991,'Privacy Screens  Windscreens',2),(180992,'Awnings & Canopies',3),(180995,'Gazebos',3),(181024,'Garden Waste Bags',3),(181032,'Other Landscaping Materials',3),(181046,'Protective Netting/Mesh',3),(181049,'Weed Control Fabric',3),(181442,'Garden Incinerators',3),(183393,'Outdoor Security & Floodlights',3),(183394,'Outdoor String Lights',3);
/*!40000 ALTER TABLE `category` ENABLE KEYS */;
UNLOCK TABLES;

--
-- Dumping data for table user
--
INSERT INTO employee (firstName, lastName, email, accountPassword, permission, jobRole)
VALUES 
	('Orestas', 'Sabutis', 'admin@watermill.com', '$2y$10$/qxMMHs6/NlYf4wGiXBVUe0kg9AFrR1/6BDfYla5cW8nhxmFwXEQi', 1, 'Admin'),
    ('Bacar', 'Jaura', 'jaura@watermill.com', '$2y$10$eDpxf3EDdAQo6S2DCwViDO/yrDwqdDiFD09ftij2UBuCoY2mngDpe', 3, 'Sales Assistant'),
    ('Alex', 'Mika', 'mika@watermill.com', '$2y$10$eDpxf3EDdAQo6S2DCwViDO/yrDwqdDiFD09ftij2UBuCoY2mngDpe', 3, 'Sales Assistant'),
	('Hippocrates', 'Pericles', 'pericles@watermill.com', '$2y$10$eDpxf3EDdAQo6S2DCwViDO/yrDwqdDiFD09ftij2UBuCoY2mngDpe', 3, 'Sales Assistant'),
    ('William', 'Bald', 'bald@watermill.com', '$2y$10$eDpxf3EDdAQo6S2DCwViDO/yrDwqdDiFD09ftij2UBuCoY2mngDpe', 2, 'Warehouse Manager'),
    ('Victoria', 'Queen', 'queen@watermill.com', '$2y$10$eDpxf3EDdAQo6S2DCwViDO/yrDwqdDiFD09ftij2UBuCoY2mngDpe', 2, 'Sales Manager');

--
-- Dumping data for table `item`
--
LOCK TABLES item WRITE;
/*!40000 ALTER TABLE item DISABLE KEYS */;
INSERT INTO item VALUES (111044776271,'Gate Hinges Hook and Band Heavy Duty Garden Shed Door in Galvanised or Black',139948,31.99,'1110447762714040_7.jpg','Active','Includes Fixings. Free Post. 60 Day Returns. 99.9% FB',0,NULL,16),(111435849640,'MENS Wetlands GARDEN FESTIVAL RUBBER WELLIES WELLINGTON BOOTS  ',11498,19.95,'1114358496404040_6.jpg','Active','-',0,NULL,17),(112427532195,'GARDEN SHED BASE FULL KIT + GEOTEXTILE MEMBRANE ECO SLAB GREENHOUSE BASE GRID ',139956,38.95,'1124275321954040_2.jpg','Active','Big 500mm Square Grids  Strong 40mm thick Grey recycled',0,NULL,21),(112527468200,'15M 30M 50M NO KINK REINFORCED TOUGH GARDEN HOSE REEL PIPE WATER HOSEPIPE ',29522,12.49,'112527468200404000000001_1.jpg','Active','-',0,NULL,6),(112580830609,'Gargoyle Stone Garden Ornament (Bert)',29511,23.99,'140.jpg','Active','-',0,NULL,15),(113006730570,'Assorted Plastic Plant Flower Pot Garden Holder Pots Planter Herb Coloured UK',20518,2.69,'113006730570404000000004_1.jpg','Active','-',0,NULL,25),(113025514093,'UK Solar Powered Retro Bulb String Lights For Garden Outdoor Fairy Summer Lamp',20509,3.98,'113025514093404000000001_1.jpg','Active','-',0,NULL,21),(113082157598,'RATTAN GARDEN FURNITURE CUBE SET CHAIRS TABLE OUTDOOR PATIO RATTAN BLACK / BROWN',139849,275,'1130821575984040_1.jpg','Active','CHEAPEST IN THE UK - PRICES SLASHED UNTIL 4TH FEBRUARY',0,NULL,9),(113082157622,'RATTAN GARDEN FURNITURE SET 4 PIECE CHAIRS SOFA TABLE OUTDOOR PATIO SET',139849,99,'113082157622404000000002_1.jpg','Active','CHEAPEST IN THE UK - PRICES SLASHED UNTIL 4TH FEBRUARY',0,NULL,14),(113086315951,'RATTAN GARDEN FURNITURE DINING TABLE AND 8 CHAIRS DINING SET OUTDOOR PATIO',139849,299,'1130863159514040_1.jpg','Active','CHEAPEST IN THE UK - PRICES SLASHED UNTIL 4TH FEBRUARY',0,NULL,25),(113086318759,'RATTAN GARDEN FURNITURE DINING TABLE AND 4 CHAIRS DINING SET OUTDOOR PATIO',139849,189,'113086318759404000000002_1.jpg','Active','CHEAPEST IN THE UK - PRICES SLASHED UNTIL 4TH FEBRUARY',0,NULL,4),(113251417782,'10X Solar Lights Outdoor Garden Pathway Landscape Patio Lights Colorful/White',20509,9.09,'113251417782404000000001_1.jpg','Active','-',0,NULL,8),(121605827865,'Set of 3 Silver Mirror Garden Spheres Stainless Steel - 6.5  9 & 13 cm',29511,9.95,'140.jpg','Active','-',0,NULL,15),(121621781047,'WestWood New Garden Shed Metal Apex Roof Outdoor Storage With Free Foundation',139956,295.99,'121621781047404000000002_47.jpg','Active','*6X8FT*10X8FT*FREE METAL FOUNDATION*APEX ROOF*UK STOCK*',0,NULL,10),(121723631331,'Garden Gate Shed Door Tower Barrel Bolt Catch Black Zinc Plated 3\" 4\"\"\"\" 6\"\"\"\" 8\"\"\"\"\"\"\"',20593,2,'','Active','-',0,NULL,12),(122157910219,'LARGE WALL THERMOMETER INDOOR OUTDOOR GARDEN GREENHOUSE HOME OFFICE ROOM IN-012',43421,3.04,'140.jpg','Active','***MADE IN THE UK*** - ***FAST DESPATCH & DELIVERY***',0,NULL,30),(122386737751,'100% Natural Jute Hessian Rope Cord Braided Twisted Boating Sash Garden Decking',20594,24.89,'1223867377514040_3.jpg','Active','-',0,NULL,35),(122527766186,'FoxHunter 3Mx3M 4M 6M 9M PE Gazebo 130g Waterproof Garden Marquee Canopy Tent',180995,34.9,'122527766186404000000003_2.jpg','Active','*SUPPORT BEAM*STEEL TUBE*130G*ANCHOR KIT*ALL SIDE INC*',0,NULL,11),(122595054128,'Set of 3 Hatching Duckling Garden Bird Ornaments In Coloured Resin',29511,9.95,'140.jpg','Active','-',0,NULL,18),(122917548162,'WALL THERMOMETER - INDOOR OUTDOOR GARDEN GREENHOUSE HOME OFFICE ROOM - IN-145',43421,2.16,'140.jpg','Active','-',0,NULL,16),(123201440297,'CUBE RATTAN GARDEN FURNITURE SET CHAIRS SOFA TABLE OUTDOOR PATIO WICKER 10 SEATS',139849,369,'1232014402974040_1.jpg','Active','CHEAPEST IN THE UK - PRICES SLASHED UNTIL 4TH FEBRUARY',0,NULL,25),(123201440314,'CUBE RATTAN GARDEN FURNITURE SET CHAIRS SOFA TABLE OUTDOOR PATIO WICKER 8 SEATER',139849,279,'1232014403144040_1.jpg','Active','CHEAPEST IN THE UK - PRICES SLASHED UNTIL 4TH FEBRUARY',0,NULL,37),(123201440331,'RATTAN GARDEN FURNITURE SET 4 PIECE CHAIRS SOFA TABLE OUTDOOR PATIO CONSERVATORY',139849,99.5,'','Active','CHEAPEST IN THE UK - PRICES SLASHED UNTIL 4TH FEBRUARY',0,NULL,36),(123229577154,'Extra Large Garden Rattan Outdoor Furniture Cover Patio Table Protection Black',177031,9.99,'','Active','Great Quality✔Promotion Price✔Fast Delivery✔UK Stock',0,NULL,27),(123367611116,'30 LED 3 Sides Solar Powered PIR Motion Sensor Security Lights Outdoor Garden UK',94940,23.17,'1233676111164040_6.jpg','Active','-',0,NULL,24),(123388903000,'WOOD WALL THERMOMETER INDOOR OUTDOOR GARDEN GREENHOUSE ROOM HOME OFFICE - IN-002',43421,2.03,'140.jpg','Active','-',0,NULL,38),(123392364739,'Garden Anti Bird Netting Heavy Duty Net Strong Pigeon Chicken Cat Run 50mm Mesh',50365,14.59,'1233923647394040_1.jpg','Active','-',0,NULL,39),(123449216282,'120/118 LED Solar Powered Motion Sensor Wall Security Light Lamp Garden Outdoor',20509,32.99,'123449216282404000000002_1.jpg','Active','-',0,NULL,7),(123587263558,'Ronseal Garden Paint Various Colours for Outdoor Exterior Wood Metal Stone Brick',180980,18.49,'1235872635584040_1.jpg','Active','-',0,NULL,24),(131794347952,'4m wide 100gsm weed control fabric ground cover membrane landscape mulch garden',181049,39.99,'131794347952404000000002_3.jpg','Active','USED BY PROFESSIONAL LANDSCAPERS AND GARDENERS 100gsm',0,NULL,24),(131829487560,'Empty Trigger Water Sprayer Hand Spray Bottle Plants Garden Cleaning Flowers',29522,4.99,'1318294875604040_2.jpg','Active','-',0,NULL,5),(131887370806,'SET 50M HOSE & REEL GARDEN WATERING PIPE STANDING WINDER TUBE TROLEY CART',46435,35.99,'140.jpg','Active','-',0,NULL,20),(132334208230,'EASY SET RAT SNAP TRAP + EXTERNAL GARDEN PROTECTOR BOX - GREEN PET SAFE CONTROL',50365,12.99,'140.jpg','Active','-',0,NULL,31),(132438891002,'Large Decoy Heron Garden Ornament Bird Scarer Fish Pond Koi Carp Plastic Resin',29511,9.99,'140.jpg','Active','-',0,NULL,8),(132547657382,'2X Miniature Sakura TreeMlants Fairy Garden Accessories Dollhouse Ornament -GVU',29511,3.21,'','Active','-',0,NULL,14),(132616350726,'Stegastrip® Fence Wall Spikes Garden Security  Intruder deterrent Anti-Climb',20589,35.99,'132616350726404000000001_1.jpg','Active','Superior Wall Protection *With Warning signs included*',0,NULL,5),(132685160323,'6X Flower Fairy Pixie Fly Wing Family Miniature Dollhouse Garden Ornament Resin',29511,2.62,'','Active','-',0,NULL,18),(132740121987,'30 Warm White LED Bee Solar Party Fairy Outdoor String Lights for Patio & Garden',20509,6.99,'140.jpg','Active','-',0,NULL,34),(132856167510,'3/4-Piece Outdoor Rattan Garden Furniture Conservatory Sofa Set Table and Chairs',139849,94.99,'','Active','Great Deal! Fast Delivery!',0,NULL,6),(141936872040,'Wooden Garden Planters Outdoor Plants Flowers Pot Square Rectangular Display NEW',20518,39.99,'141936872040404000000006_1.jpg','Active','-',0,NULL,10),(141973641117,'2m wide 100gsm weed control fabric ground cover membrane landscape mulch garden',181049,11.99,'','Active','USED BY PROFESSIONAL LANDSCAPERS AND GARDENERS 100gsm',0,NULL,21),(141989436736,'Hose Pipe Fittings Nozzle Connector Water Spray Gun Set Outdoor Garden Hosepipe',29522,5.99,'141989436736404000000017_1.jpg','Active','-',0,NULL,11),(142075538912,'Folding Camping Deck Chair Garden Lawn Patio Spring Foldable Seat Outdoor BBQ',79682,21.99,'142075538912404000000001_2.jpg','Active','-',0,NULL,25),(142328942428,'Outdoor Wooden Folding Beer Table Bench Garden Furniture Set Steel Trestle Legs',139849,54.99,'142328942428404000000001_2.jpg','Active','-',0,NULL,17),(142730822882,'Outdoor Stainless Steel Garden Wall / Post Light Outside Lamp Post IP44 Lighting',94940,12.99,'142730822882404000000006_1.jpg','Active','-',0,NULL,5),(143023124061,'Mpow Solar Light PIR Motion Sensor Security Lights Outside Wall Lamp Garden Yard',20509,7.99,'','Active','Mpow√ 2018 Newest√ 20/30/40/63/66 LED√ Motion Sensor√',0,NULL,6),(151348904829,'2 x Handmade  Large Wooden Garden Planter Window Box Trough  Treated ',20518,15,'','Active','-',0,NULL,12),(151629100135,'SOLAR POWERED FENCE LIGHTS WALL DOOR STEP SMD LED LIGHT OUTDOOR GARDEN LIGHTING',94940,14.99,'151629100135404000000005_1.jpg','Active','2/4/8/10/12/20 Lights✔Solar LED Fence Lights✔UK Stock',0,NULL,39),(152721139900,' MADE TO MEASURE WOODEN GARDEN GATE / GATES  FEATHEREDGE TREATED 1.8M HIGH',139948,67,'','Active','OVER 1500 SOLD  CHECK OUR 100% FEEDBACK',0,NULL,10),(152793847888,'Starplast Cabinet Outdoor Garden Storage With Shelves New Colour Black & Grey',159897,54.95,'140.jpg','Active','Free Fast Delivery',0,NULL,5),(153059189894,'Set Of 4 Large 72cm Black Garden Plastic Trough Balcony Planter Window Plant Box',20518,19.99,'140.jpg','Active','-',0,NULL,24),(153169099343,'Expandable Flexible Garden Magic Water Hose Pipe Spray Gun Heavy Duty 50 - 200FT',29522,21.9,'153169099343404000000001_1.jpg','Active','-',0,NULL,29),(153174518357,'20 LED Solar Powered PIR Motion Sensor Light Outdoor Garden Security Wall Lamps',183393,13.99,'','Active','1/2/4PCS◇High Quality◇Free & Fast Post',0,NULL,35),(153214458994,'Gr8 Garden Wooden Wishing Well Bucket Planter Plant Flower Pot Patio Ornament',2034,21.99,'140.jpg','Active','-',0,NULL,14),(153319853459,'118 LED Solar Powered PIR Motion Sensor Wall Security Light Lamp Garden Outdoor',20509,31.95,'153319853459404000000002_5.jpg','Active','-',0,NULL,31),(161566753012,'Strong Black Plastic Plant Pot Flower Pots 1 To 20 Litre Garden Planter Herb',20518,3.75,'','Active','-',0,NULL,32),(161595348354,'Natural Jute Rope Twisted Braided Decking Garden Boating Sash 6-40mm up to 500m',20594,33.99,'1615953483544040_5.jpg','Active','-',0,NULL,22),(162563429544,'SUPER BRIGHT SOLAR POWERED DOOR FENCE WALL LIGHTS LED OUTDOOR GARDEN LIGHTING',20509,29.99,'162563429544404000000002_3.jpg','Active','-',0,NULL,27),(162719504043,'2 in 1 Solar 28 LED PIR Motion Wall Flood Light Spotlight In/Outdoor Garden Lamp',20509,12.49,'140.jpg','Active','-',0,NULL,32),(162723224673,'Ronseal Outdoor Garden Paint - For Exterior Wood Metal Stone Brick - All Colours',180980,23.77,'162723224673404000000001_1.jpg','Active','-',0,NULL,39),(163050240460,'Plant Crops Protect Mesh Bird Insect Animal Garden Net Netting Vegetables Pest',181046,13.59,'1630502404604040_1.jpg','Active','-',0,NULL,24),(163097156955,'Solar Powered Outdoor Garden Night Motion Sensor Patio Shed Wall Lights Lamp',183393,14.95,'163097156955404000000004_1.jpg','Active','-',0,NULL,34),(163376952228,'Garden Wind Chimes Solar Powered Led Light Outdoor Yard large Hanging ornaments',20513,6.79,'140.jpg','Active','-',0,NULL,23),(163423556783,'LED Garden Spike Lights Outdoor IP65 Yard Path Landscape Spotlight 240V Mains',20509,26.49,'1634235567834040_1.jpg','Active','-',0,NULL,11),(163521849154,'Autumn Winter Outdoor Artificial Green Flower Garden Hanging Basket Handmade New',20518,19.95,'140.jpg','Active','-',0,NULL,17),(171142284167,'BLACK CORRUGATED FLEXIBLE POND HOSE FISH GARDEN FILTER PUMP MARINE FLEXI PIPE ',57230,32.99,'171142284167404000000005_24.jpg','Active','ALL SIZES/DIAMETERS AVAILABLE AT LOW PRICES FROM £2.95',0,NULL,13),(172295157757,'22 LED Floodlight Lamp Security Detector Solar Spot Light Motion Sensor Garden',183393,13.98,'172295157757404000000001_3.jpg','Active','Fast shipping ✔ High Quality ✔Solar Power ✔ Best offer',0,NULL,9),(172767225085,'SOLAR DECORATIVE GARDEN LIGHTS OUTDOOR SOLAR FENCE STEP GUTTER FENCE LAMP LIGHTS',20509,21.99,'172767225085404000000001_1.jpg','Active','2/4/8/10/12 Lights ◇ Solar Fence Lights ◇ Fast Dispatch',0,NULL,5),(173072509953,'EVEREDGE CLASSIC METAL GARDEN LAWN GRASS BORDER DRIVE PATH EDGING 5 METRE PACK',161008,38.95,'1730725099534040_1.jpg','Active','Durable Flexible and Simple Solution For Garden Edging',0,NULL,28),(173072791232,'LOG CABIN ECO BASE GRIDS & MEMBRANE KIT GARDEN SHED BASE GREENHOUSE BASE & FLOOR',139956,37.99,'1730727912324040_2.jpg','Active','NO FILLING REQUIRED & PROVIDES A FLAT FLOOR SURFACE TOO',0,NULL,16),(173120669540,'PLASTIC GARDEN EDGING PLANT BORDER HAMMER-IN LAWN PALISADE GARDEN EDGING FENCING',161008,27.95,'173120669540404000000002_1.jpg','Active','-',0,NULL,26),(173344342791,'DIY Wooden Fence Fairy Garden Miniature Landscape Mini Fine Home Decor UK',29511,2.99,'173344342791404000000001_1.jpg','Active','-',0,NULL,10),(173354628713,'Stainless Steel Sphere Garden Ornament Mirror Gazing Globe Ball Outdoor Decor',29511,2.49,'173354628713404000000004_1.jpg','Active','-',0,NULL,37),(173483249177,'50/100/200 LED Solar Power Fairy Lights String Garden Outdoor Party Wedding Xmas',20509,9.69,'173483249177404000000003_2.jpg','Active','Warm white/ Cool White/ Colorful  RM 1st Ship  UK STOCK',0,NULL,7),(173495048835,'GARDEN SHED BASE KIT 6x4 - 8x4 ft ACTUAL = 2.5 x 1.2M PLASTIC PAVERS DRIVE GRIDS',139956,39.99,'140.jpg','Active','-',0,NULL,32),(182550786964,'2 X LARGE 13\" BELL LATTICE PLANTER POTS PLASTIC GARDEN PATIO FLOWER PLANT POT\"\"\"',20518,9.99,'140.jpg','Active','-',0,NULL,25),(183113624750,'Solar Powered Pink Flamingo Ornament Set of 3 Garden Outdoor Light Decor - NEW',20509,10.99,'140.jpg','Active','30 Day Returns - Free Delivery - Set of Three Flamingos',0,NULL,27),(183183084435,'Miniature Fairy Garden Ornament Decor Pot DIY Craft Accessories Dollhouse 58 pcs',29511,6.99,'140.jpg','Active','-',0,NULL,20),(183232845281,'Gardman Somerset  3 seat Swing Hammock Bed Heavy Duty Garden Bench Patio',79682,179.95,'140.jpg','Active','FAST FREE DELIVERY',0,NULL,15),(183242364961,'50 100 200 LED Solar Power Fairy Lights String Garden Outdoor Party Wedding Xmas',20509,10.99,'183242364961404000000001_7.jpg','Active','White✔ Warm White✔Blue✔RGB✔Raindrop✔Crystal Ball✔',0,NULL,12),(183283206460,'4X10M Anti Bird Crop Net Netting Garden Plants Ponds Fruit Tree Mesh Protection',50365,4.49,'140.jpg','Active','-',0,NULL,12),(183305155157,'Large Round Waterproof Outdoor Garden Patio Table Chair Set Furniture Cover UK',177031,12.69,'','Active','Big Promotion Price✔ Fast Delivery✔ UK Stock✔',0,NULL,20),(183378563078,'20 LED Solar Powered PIR Motion Sensor Light Outdoor Garden Security Wall Lights',183393,11.49,'183378563078404000000002_1.jpg','Active','Modern◇High Quality◇Free & Fast Post◇Fantastic Value',0,NULL,25),(191520499811,'PLASTIC RECYCLE RECYCLING BIN KITCHEN DUSTBIN GARDEN WASTE RUBBISH BINS',20608,21.99,'1915204998114040_4.jpg','Active','✅ GREAT SET DEALS ✅ TRACKED DELIVERY ✅FREE DELIVERY',0,NULL,26),(191766505434,'Garden Wire Heavy Duty SIZE CHOICE Galvanised Metal Fencing 0.7-2mm Thickness',181032,5.99,'','Active','-',0,NULL,14),(191873832984,'4 5 6ft Folding Table Heavy Duty Trestle Camping Party Picnic BBQ Stall Garden',16038,32.95,'191873832984404000000006_4.jpg','Active','FEBRUARY SALE - UP TO 15% OFF EVERYTHING',0,NULL,27),(192553234105,'2.5m Artificial Flower Silk Rose Leaf Garland Vine Ivy Home Wedding Garden Deor',4959,3.29,'192553234105404000000005_1.jpg','Active','-',0,NULL,15),(192662825560,'Geometric Plant Stand Metal and Ceramic Indoor Flower Pot Rack Set Garden Decor',20518,8.95,'192662825560404000000039_1.jpg','Active','-',0,NULL,27),(192803042554,'4x Home Garden Solar Powered LED Wall Light Motion Sensor Security Lamp Outside',20509,15.89,'1928030425544040_1.jpg','Active','-',0,NULL,14),(201037123358,'GARDEN PRESSURE SPRAYER KNAPSACK WEED KILLER CHEMICAL FENCE WATER SPRAY BOTTLE',50365,4.49,'201037123358404000000005_2.jpg','Active','AVAILABLE IN 5L & 8L... PRICES FOR ONE DAY ONLY',0,NULL,22),(201457065644,'GARDEN RUBBISH FIRE BIN GALVANIZED INCINERATOR PAPER LEAF WOOD WASTE BURNER 90L',181442,15.95,'140.jpg','Active','-',0,NULL,27),(201557078632,'3 Metal Robin Bird Garden or Home Ornaments Hand Finished Robins',29511,16.95,'140.jpg','Active','-',0,NULL,32),(201831555642,'10 x 30mm Woodside RGB Colour Changing LED Deck Lights Kitchen/Garden Lighting',20509,4.49,'201831555642404000000056_20.jpg','Active','1M  2M  3M  4M EXTENSION CABLES AVAILABLE!!!',0,NULL,36),(201839607019,'KETER STORE IT OUT MAX XL GREY LID PLASTIC GARDEN SHED WHEELIE BIN STORAGE ',139956,139.95,'140.jpg','Active','Over 1100 Already Sold!! Next Day Delivery!!!',0,NULL,12),(202268553286,'MiniSun LED Decking Light Kits Outdoor Garden Plinth Lights Soffit Lighting IP65',94940,17.99,'202268553286404000000002_2.jpg','Active','-',0,NULL,20),(202299922752,'WestWood Outdoor Home 2 Seat Seater Wooden Garden Bench wood Patio Park',79682,29.99,'140.jpg','Active','119(W)X75(H)X40(D)CM*DURABLE PINE WOOD*BEST QUALITY*',0,NULL,24),(202413929615,'Woodside Artificial Conifer Garden Fence/Wall Privacy Screening Hedge',180991,21.99,'202413929615404000000002_6.jpg','Active','Best Quality Available  3M Long  Choice Of Roll Width',0,NULL,20),(202517832297,'Woodside Pack of 2 Solar Powered 20 LED Topiary Balls Hanging Garden Decoration',20509,16.99,'140.jpg','Active','-',0,NULL,24),(202520517916,'Appealing Cute Garden Gnomes 20cm Choice of 4 Colours Patio Garden Terrace Gnome',29511,5.99,'2025205179164040_1.jpg','Active','-',0,NULL,22),(202548898585,'SOLAR POWERED FENCE LIGHTS STEP DOOR WALL BRIGHT 4/6 LED LIGHT GARDEN DECORATION',20509,10.99,'202548898585404000000002_1.jpg','Active','Top Quality☆4/6 Light☆Fast&Free Post☆Outdoor Wall Light',0,NULL,35),(202566706752,'AMBER PLASTIC GARDEN SHED WITH BASE PALRAM VOYAGER WHEELIE BIN STORE LOCKABLE',139956,119.95,'140.jpg','Active','Free Delivery  Cheapest on eBay!!!',0,NULL,31),(221618266295,'Large Bean Bag Giant indoor/Outdoor Beanbag XXXL Garden Waterproof BIG Cushion',48319,21.95,'2216182662954040_7.jpg','Active','Special Offer - Same Day Dispatch - Fast Delivery',0,NULL,12),(222615220907,'Wido 2 SEATER HARDWOOD GARDEN BENCH OUTDOOR PATIO WOOD FURNITURE WEATHER TREATED',79682,49.99,'140.jpg','Active','* 2 YEAR WARRANTY * NEXT WORKING DAY UK MAINLAND *',0,NULL,34),(222651269645,'Large Big Kids Bean Bag Garden indoor/Outdoor Beanbag Childrens Waterproof Chair',48319,16.95,'','Active','Same Day Dispatch - Fast Delivery - 100cm x 130cm',0,NULL,25),(222790839183,'6X Fairy Miniature Figurine Garden Ornament Plant Pot Dollhouse Decor Mini Craft',29511,4.26,'222790839183404000000001_3.jpg','Active','-',0,NULL,21),(222899247742,'Garland Black Plastic Gravel Potting Garden Plant Tray 60cmx60cmx7cm',20518,11.49,'140.jpg','Active','-',0,NULL,23),(222951089324,'quality garden water hose pipe connectors & fittings shock resistant material',29522,7.99,'222951089324404000000002_1.jpg','Active','-',0,NULL,12),(223029510911,'Burnt Wood Half Whiskey Barrel Wooden Planter Round Plant Pot Outdoor Garden',20518,14.99,'2230295109114040_1.jpg','Active','-',0,NULL,25),(223032103301,'NEW METAL FROG windchime green  garden  patio  ornaments  outdoor',29511,5.49,'2230321033014040_1.jpg','Active','-',0,NULL,14),(223036095390,'Trueshopping Expandable Flexible Garden Hose Pipe with Brass Fittings',29522,21.99,'223036095390404000000003_1.jpg','Active','-',0,NULL,29),(223284259549,'Large LYING BOY & GIRL Statues Home Decor & Garden Ornament Sculpture Gift Set',29511,13.95,'140.jpg','Active','SET OF 2 - approx 32 cm Long',0,NULL,24),(223350528293,'Solar garden decor Toadstool fairy house pixie outdoor ornament home  ',29511,5.95,'140.jpg','Active','-',0,NULL,31),(231510114064,'Sun Shade Sail Garden Patio Awning Canopy Sunscreen 98% UV Block NEW',180992,26.99,'231510114064404000000005_8.jpg','Active','Rectangle  Square  Triangle in 5 colour',0,NULL,9),(232005247188,'Garden Shed Storage Large Yard Store Door Metal Roof Building Tool Box Container',139956,186.99,'232005247188404000000007_4.jpg','Active','High Quality ✔ 1 - 2 Days Delivery  ✔ 30 Days Return ✔',0,NULL,12),(232416125205,'3 x Bunches Artificial Baby\'s Breath Fake PU Flower Home Wedding Garden UK FL002',4959,2.15,'','Active','Fast & Free UK Post*Same Day Dispatch*Excellet Quality',0,NULL,35),(232476410468,'Tongue and Grooved Tanalised Factory Seconds Garden Shed Wooden Apex T&G Hut ',139956,215,'','Active','Fully T&G Floor & Roof  *10 year anti rot guarantee*',0,NULL,4),(233029279472,'10x 500ml Empty Plastic Trigger Bottle Car Cleaning Hand Spray Garden White Pet',29522,11.95,'140.jpg','Active','-',0,NULL,18),(251822742660,'50 Metre Yellow Garden Hose Pipe - 50M Reinforced Anti-kink Water Hosepipe',29522,23.95,'140.jpg','Active','-',0,NULL,4),(252620657957,'GroundMaster 120L Garden Waste Bags - Heavy Duty Large Refuse Sacks with Handles',181024,9.49,'252620657957404000000003_2.jpg','Active','✓ HEAVY DUTY ✓ LARGE CAPACITY ✓ REINFORCED STITCHING',0,NULL,34),(252841154330,'Large Tree Planters Pots Containers with Handles Big Garden Plant Pot (13 SIZES)',20518,10.95,'2528411543304040_2.jpg','Active','-',0,NULL,12),(253047483579,'6ft JUMBO EXTRA LARGE Long Wooden Planter Trough Decking Garden Flower Plant Tub',20518,62,'140.jpg','Active','Special Offer! Free Postage! Big Saving!!',0,NULL,25),(253049756210,'GARDEN SHED LOCK BAR  FACTORY / GARAGE/ OFFICE DOOR SECURITY - HEAVY DUTY STEEL',20589,40,'2530497562104040_2.jpg','Active','STOCKED IN VARIOUS SIZES - OTHERS MADE TO ORDER',0,NULL,15),(253578885016,'Agralan Enviromesh Fine Garden Plant Protection In Various Sizes',50365,15.6,'2535788850164040_2.jpg','Active','-',0,NULL,32),(253789661187,'2 Holder Metal Plant Pot Stand Flower Display Shelf Garden Patio Indoor Outdoor',20518,9.49,'253789661187404000000001_2.jpg','Active','-',0,NULL,39),(253893553547,'Garden Anti Bird Netting Heavy Duty Knotted Net Strong Pigeon Black Mesh 50mm ',50365,21,'2538935535474040_1.jpg','Active','-',0,NULL,22),(253900461684,'LARGE Hanging Planter Plant Pots Trough Garden Fence Balcony Railing Flower Pot',20518,20.95,'2539004616844040_1.jpg','Active','-',0,NULL,28),(253929694431,'Novelty Solar Garden Lights Owl Ornament Animal Bird Outdoor LED Decor Sculpture',20509,9.99,'2539296944314040_12.jpg','Active','-',0,NULL,32),(254078051947,'Portmeirion Botanic Garden tableware (Various styles) In great condition',6114,8.99,'254078051947404000000005_1.jpg','Active','-',0,NULL,37),(254098502391,'Wall Flower Bracket Garden Hanging Basket Planter Lantern Hanger Hook',20518,1.99,'140.jpg','Active','-',0,NULL,13),(261871461762,'1  12 or 24 PAIRS BLACK NYLON PU COATED SAFETY WORK GLOVES GARDEN GRIP BUILDERS',67023,11.9,'2618714617624040_3.jpg','Active','-',0,NULL,25),(262210177296,'FLOWER SEEDS Wild Scented bee cottage garden plant mix perennial NO GRASS SEED',20527,2.69,'262210177296404000000003_2.jpg','Active','Buy 2 get 1 free Buy 3 get 2 free total 100g Free Post',0,NULL,10),(262344358018,'50 100FT Expandable Flexible Garden Hose Pipe With Brass Fittings & Spray Gun ',151604,20.99,'262344358018404000000003_5.jpg','Active','-',0,NULL,6),(262816196041,'Fairy Garden Fairy Miniature Garden Miniature Garden Outdoor or Indoor Brand New',29432,2.95,'','Active','-',0,NULL,34),(262818465860,'Japanese Miniature Garden Miniature Fairy Japanese Garden Highly Detailed NEW',29432,11.95,'262818465860404000000014_1.jpg','Active','-',0,NULL,38),(262943559485,'Bamboo Slat Fencing Screening Rolls for Garden Outdoor Privacy - Best Artificial',180991,18.99,'2629435594854040_4.jpg','Active','Cheapest on eBay✔ UK Stock✔ Instant Coverage✔',0,NULL,13),(262979756095,'5L GALLUP XL SUPER STRENGTH PROFESSIONAL GLYPHOSATE TOTAL GARDEN WEED KILLER',50365,25.5,'140.jpg','Active','-',0,NULL,20),(263006307389,'Best Artificial Ivory White TULIP Flower Ball Hanging Topiary Garden Basket New',20518,14.99,'263006307389404000000001_1.jpg','Active','Fully Assembled✔UK Seller✔UV Fade Protected✔UK Stock✔',0,NULL,22),(263120178634,'Pheasant Garden Ornament HAND PAINTED! Figurine Statue Outdoors Patio Lawn Metal',29511,13.5,'140.jpg','Active','-',0,NULL,9),(263220760377,'Waterproof Garden Patio Furniture Cover Covers for Rattan Table Cube Outdoor',177031,10.89,'263220760377404000000002_1.jpg','Active','8 Size#TOP UK SELLER#FAST DELIVERY#HIGH QUALITY',0,NULL,14),(263526209701,'Garden Patio Furniture Set Lounger Cover Waterproof Rattan Cube Table Outdoor UK',177031,10.59,'263526209701404000000002_1.jpg','Active','UK Seller & London Warehouse & 1 Business day dispatch',0,NULL,39),(263825889712,'Universal Garden Watering Water Hose Pipe Tap Brass Connector Adaptor Fitting UK',29522,3.19,'263825889712404000000005_1.jpg','Active','-',0,NULL,39),(263849043411,'Stretch Hose Flexible Extendable Compact Garden Hose Pipe 75FT',29522,6.9,'263849043411404000000002_1.jpg','Active','-',0,NULL,5),(263927978214,'118/54 LED Solar Powered Motion Sensor Wall Security Light Lamp Garden Outdoor',20509,33.23,'263927978214404000000002_3.jpg','Active','-',0,NULL,11),(263960676748,'50/100/200 LED Solar Power Fairy Garden Lights String Outdoor Party Wedding Xmas',20509,9.59,'263960676748404000000004_1.jpg','Active','White*Warm*White*Colorful*Free shipping*UK Seller',0,NULL,38),(263974762585,'20L HEAVY DUTY PLASTIC PLANT POTS GARDEN GROWING SOIL TREE HYDROPONICS CONTAINER',20518,21.49,'263974762585404000000006_1.jpg','Active','-',0,NULL,8),(264045151732,'10 Plastic Garden Plant / Flower Pot Saucers Terracotta Hydroponics Various Size',20518,2.49,'2640451517324040_1.jpg','Active','-',0,NULL,30),(264156639708,'Outdoor Garden Storage Box - Plastic Chest 290L',159897,27.45,'140.jpg','Active','-',0,NULL,15),(264171313321,'Flexible Garden Border Lawn Grass Edge Edging Easy Install  3 Colors  ',181032,13.99,'264171313321404000000003_1.jpg','Active','-',0,NULL,19),(271308689780,'Bean Bag with Foot Stool Gamer Chair Indoor Outdoor Garden Beanbag Seat Gaming',48319,33.99,'','Active','-',0,NULL,12),(271594063018,'Gardman Waterproof Outdoor Garden Furniture Covers  Table  Bench  Chair  Hammock',177031,17.99,'271594063018404000000018_4.jpg','Active','-',0,NULL,32),(272280315675,' 2 x Metal Hen Solar Lights Garden Ornamental Solar Lights  Silhouette Animals',20509,14.99,'140.jpg','Active','-',0,NULL,15),(273016739413,'Rectangle Raised Garden Bed - Treated Timber 9 colours',20518,20.99,'','Active','-',0,NULL,9),(273080194558,'75-200FT Magic Water Pipe Household Telescopic Hose Car Wash Gun Watering Garden',29522,9.9,'273080194558404000000001_1.jpg','Active','✔Lowest Price In Ebay✔Stronger Expandable✔Retractable✔',0,NULL,34),(273294617336,'50-500 LED Solar Power Fairy Lights String Garden Outdoor Party Wedding Decor',20509,10.99,'273294617336404000000004_3.jpg','Active','-',0,NULL,32),(273354098405,'10 Solar Powered Garden Lights Post Patio Outdoor Led Lighting Stainless Steel Y',20509,12.99,'273354098405404000000001_1.jpg','Active','10/20 Pack✔2 Colours✔Solar Powered✔ UK Seller✔For Xmas',0,NULL,20),(273513749356,'Empty Trigger Water Sprayer Spray Bottle Plants Garden Cleaning For Salon Plants',29522,1.84,'273513749356404000000002_1.jpg','Active','-',0,NULL,36),(273529872875,'Home Garden Solar Powered LED Wall Light Motion Sensor Security Lamp Outside',183393,16.95,'140.jpg','Active','-',0,NULL,6),(273670400560,'Plastic Water Spray Bottle Flowers Plants Watering Cleaning Garden Tool 600ML',29522,3.75,'273670400560404000000003_1.jpg','Active','-',0,NULL,27),(273681934421,'Garden Fleece 2m Wide Frost Vegetable Protection',50365,6.8,'273681934421404000000001_1.jpg','Active','-',0,NULL,6),(281126890557,'Giant Bean Bag Floor Cushion - 3 Sizes Indoor/Outdoor Waterproof Garden Beanbag',48319,29.99,'','Active','-',0,NULL,15),(282573614115,'TOTAL PENT GARDEN WOODEN SHED',139956,195,'','Active','**Buy With Confidence From An Established Ebay Seller**',0,NULL,21),(282960143878,'Rattan day bed sun canopy lounger recliner garden patio terrace furniture',79682,90.99,'282960143878404000000002_1.jpg','Active','-',0,NULL,21),(283050982172,'10x Garden Metal Flower Pots Wall Hanging Tin Basket Bucket Plant Herb Planter G',20518,7.99,'140.jpg','Active','100% New✔Real UK Stock ✔Premium Quality✔Free P&P',0,NULL,37),(283109788558,'Tropical Hawaiian Luau Garden Party BBQ Tiki Decorations Beach Pool Accessories',170103,3.99,'283109788558404000000013_1.jpg','Active','-',0,NULL,12),(283165474550,'GARDEN OUTDOOR HEAVY DUTY WHEELBARROW GALAVANISED STEEL PNEUMATIC TYRE DIY ',75671,26.99,'','Active','-',0,NULL,18),(283224356121,'Garden Storage Cabinet Cupboard Outdoor Tool Chest Lockers Shed&1/2/3/4 Shelves',139956,37.59,'283224356121404000000001_1.jpg','Active','-',0,NULL,15),(283228834529,'Spray Bottle Plastic Watering Flower Water Spray For Salon Plant Garden 500ML',29522,2.59,'283228834529404000000004_3.jpg','Active','-',0,NULL,16),(283260328974,'Mpow 30/40/66LED Solar Lights Motion Sensor Garden Wall Lamp Security Outdoor UK',20509,28.99,'283260328974404000000002_1.jpg','Active','2019 Upgrated Decor Design✅3 Mode✅ 270°✅IP66✅UK FAST✅',0,NULL,33),(283283845052,'Solar Garden Ornament Lights Outdoor Silhouette Bird Lights Flamingo Peacock Owl',20509,29.99,'283283845052404000000003_1.jpg','Active','-',0,NULL,5),(283347341652,'3 Times Water Magic Hose Pipe Expanding Expandable Flexible Garden Car Spray Gun',29522,17.76,'283347341652404000000001_1.jpg','Active','-',0,NULL,30),(291038206253,'Garden Spike Lights Adjustable Outdoor IP65 GU10 Mains Various Pack Sizes  ',20509,27.29,'2910382062534040_5.jpg','Active','Cheapest in UK not be beaten on price 10 PACK ONLY £69',0,NULL,25),(292074779390,'CLEARANCE Luxury Artificial Grass Astro Turf  Realistic Fake Lawn Green Garden',181032,19.45,'292074779390404000000001_2.jpg','Active','11 Ranges! - Free Delivery! - Top Quality - Low Prices!',0,NULL,29),(292322936786,'2m Wide 100gsm Yuzet Weed Control Fabric Ground Cover Membrane Garden landscape',181049,39.99,'2923229367864040_1.jpg','Active','USED BY PROFESSIONAL LANDSCAPERS & GARDENERS FOR 10+YRS',0,NULL,33),(292428718150,'Fairy Garden Elf Tree Peeker Garden Ornament Cheeky Garden Gnome Tree Decoration',29511,12.99,'140.jpg','Active','-',0,NULL,39),(292613944592,'Plant Flower Pot. Indoor  Outdoor Garden Planter - 3 Designs',20518,12.99,'140.jpg','Active','-',0,NULL,20),(292808409289,'WOODEN GARDEN SHED 10X6 12X6 14X6  PRESSURE TREATED TONGUE AND GROOVE PENT SHED',139956,429,'','Active','-',0,NULL,17),(292943108293,'High Quality Trough Wooden Garden Planter – EXTRA LARGE PLUS – HALF PRICE SALE !',20518,49.99,'140.jpg','Active','-',0,NULL,19),(301142795836,'210 LITRE LARGE GARDEN BURNER/INCINERATOR/BONFIRE BIN FOR WOOD/RUBBISH/LEAVES',181442,25.99,'3011427958364040_5.jpg','Active','*VERY FAST & FREE DELIVERY TO ANY UK POSTCODE*',0,NULL,5),(302062598767,'SAXBY KIOS 10 x 30mm Steel IP44 Outdoor Garden Decking Kitchen Plinth LED Lights',20509,19.99,'','Active','-',0,NULL,36),(302325706364,'Rattan Design Elegant Tall Large Plant Pot Flower Indoor Outdoor Garden Planters',20518,28.99,'302325706364404000000002_1.jpg','Active','-',0,NULL,19),(302373877564,'Solar String Lights 30 LED Crystal Ball Christmas Trees Garden Party Fairy Lamp',183394,9.99,'302373877564404000000001_4.jpg','Active','-',0,NULL,20),(302396109613,'Decorative Birds Outdoor Garden Weather Resistant Metal Pond Lawn Ornament Decor',29511,12.99,'','Active','-',0,NULL,4),(302911737274,'Solar Powered PIR Motion Sensor Outdoor Garden Light Security Flood Lamp 56 LED',20509,12.99,'','Active','-',0,NULL,26),(302973169901,'Plastic Empty Water Spray Bottle Flowers Plants Watering Cleaning Garden Tool UK',29522,4.29,'302973169901404000000003_2.jpg','Active','-',0,NULL,8),(303038943939,'845 Refurbished Yardmaster Pent Metal Garden Shed - Max Size 6ft 6in x 3ft 11in',139956,119.99,'140.jpg','Active','-',0,NULL,31),(311807506381,'Miniature Fairy Garden Ornament Decor Pot DIY Craft Accessories Dollhouse ',29511,0.99,'311807506381404000000016_2.jpg','Active','-',0,NULL,19),(312229709446,'2 Holder Metal Plant Pot Stand Flower Display Shelf Patio Home Garden Outdoor UK',20518,10.19,'312229709446404000000001_2.jpg','Active','-',0,NULL,34),(312262387299,'Folding Sun Outdoor Lounger Reclining Garden Beach Reclining Chair Patio Deck UK',79682,16.99,'312262387299404000000004_1.jpg','Active','-',0,NULL,37),(321597732915,'Wooden Garden Gate Wooden Gate  Featheredge Side Gate All sizes Heavy Duty !',139948,72,'3215977329154040_8.jpg','Active','FREE FITTING KIT over 4000 of these SOLD',0,NULL,10),(322153712503,'Outdoor Garden Ornament Bird on Hands Basin Bath Bird Feeder Decorative birdbath',29511,10.95,'140.jpg','Active','-',0,NULL,5),(322550361919,'Waterproof Replacement Cushion 1-4Seater for Garden Pation Swing Bench pads',79682,24.99,'322550361919404000000003_2.jpg','Active','Any size Cushions Hammock  Pads fabric upholstery',0,NULL,30),(322587488902,'WILD BIRD GARDEN FEEDING STATION WATER BATH TABLE HANGING FEEDER STABILIZER',75579,16.97,'322587488902404000000005_2.jpg','Active','-',0,NULL,24),(323036552897,'3\" - 15\"\"\"\" Stewart Garden Black Colour Plastic Flower Pots & Range of Saucers\"\"\"',20518,6.42,'3230365528974040_1.jpg','Active','-',0,NULL,24),(323254419282,'Large  Sitting Buddha Stone Effect Garden Outdoor Indoor Statue Ornament Thai',29511,14.95,'140.jpg','Active','High Quality - Same Day Dispatch - Home Decor',0,NULL,10),(323294071554,'Garden Shed Apex',139956,195,'','Active','-',0,NULL,12),(323491348704,'UK Solar Powered Retro Bulb String Lights For Garden Outdoor Fairy Lamp Xmas New',183394,5.29,'323491348704404000000002_1.jpg','Active','-',0,NULL,25),(323518613814,'50LED Solar Powered Flower Fiber Optic Fairy String Outdoor Garden Lights Xmas',20509,3.79,'323518613814404000000003_1.jpg','Active','-',0,NULL,13),(323519668514,'NEW DIAMOND GARDEN STAKE LIGHTS STAINLESS STEEL COLOUR CHANGING SOLAR LED 4',20509,3.79,'323519668514404000000001_1.jpg','Active','Warm White✔Colorful✔Diamond Shape✔For Christmas Xmas✔',0,NULL,23),(323558568257,'UK Folding Sun Outdoor Lounger Reclining Garden Beach Reclining Chair Patio Deck',79682,16.99,'323558568257404000000004_1.jpg','Active','-',0,NULL,35),(323569546858,'300/600 LED String Fairy Curtain Lights Garden Indoor/Outdoor Party Wedding Xmas',116022,11.29,'323569546858404000000001_1.jpg','Active','8 Modes✔3M 6M✔3 YR Warranty✔Waterproof✔Home Decor✔Gift✔',0,NULL,32),(323582107048,'Garden Finial Decoration Indoor Outdoor Home Ornament - 2 sizes',29511,9.95,'','Active','-',0,NULL,17),(331876597174,'Bean Bag Gamer Beanbag Indoor Outdoor Gaming Garden Recliner Cushion Kids Chair',48319,18.95,'331876597174404000000003_2.jpg','Active','Special Offer - High Quality - Fast Delivery',0,NULL,19),(332134164264,'Decorative MARBLE EXTRA WHITE Stones / Pebbles  *** HOME & GARDEN  *** AQUARIUM',10034,9.59,'3321341642644040_4.jpg','Active','-',0,NULL,39),(332157932522,'BLACK WROUGHT IRON METAL GARDEN GATE SMALL GATES MODERN WALL STEEL 11 STYLES',139948,33.99,'','Active','-',0,NULL,30),(332241937584,'Bean Bag Chair Gamer Beanbag Adult Outdoor Gaming Garden Big Arm Chair Large',48319,24.95,'','Active','High Quality - Same Day Dispatch - Brand New Design',0,NULL,26),(332799283274,'Whole World Decorative Stones Chippings Pebbles Gravel Marble Home & Garden Path',118861,14.39,'332799283274404000000001_1.jpg','Active','-',0,NULL,39),(332878838480,'Fairy House Solar Garden Ornament Pixie Lawn Secret Gift',29511,8.25,'332878838480404000000001_2.jpg','Active','-',0,NULL,12),(332927653082,'Large Sitting Buddha Bronze Effect Garden Outdoor Indoor Statue Ornament Thai',29511,12.95,'140.jpg','Active','High Quality 40 cm Tall Home Decor',0,NULL,5),(333003030381,'3 Pack Outdoor Garden Lawn 60 LED Solar Powered Branch Tree Leaf Flower Lights',20509,6.99,'333003030381404000000002_1.jpg','Active','-',0,NULL,10),(350561810114,'Keter Store It Out Max XL Plastic Garden Storage Unit Shed Full 2 Year Guarantee',139956,123.95,'350561810114404000000001_8.jpg','Active','Over 3000 Sold!  2 Year Warranty! NEXT DAY DELIVERY',0,NULL,31),(351718250672,'Submerged Nessie or Dragon - Garden Ornament  - Hand Cast',29511,14.5,'140.jpg','Active','-',0,NULL,16),(352141622271,'ASAB 10 x Solar Powered Stainless Steel Garden Post Lights LED Outdoor Lighting ',20509,19.99,'352141622271404000000001_1.jpg','Active','**CHEAPEST ON EBAY & BEST QUALITY! SALE ON! BUY NOW!**',0,NULL,18),(352224211390,'Large Milano Tall Planter Square Plastic Garden Flower Plant Herb Pot Colour New',20518,7.96,'352224211390404000000001_1.jpg','Active','-',0,NULL,15),(352248060501,'Arrow Steel Garden Shed Dark Grey 2 Tone - 8 x 6ft .',139956,180,'140.jpg','Active','For Best Local Lead Time Use Postcode Check in Listing',0,NULL,20),(352389928765,'Starter Plant Pots Zinc Metal Flower Patio Indoor Outdoor Buckets x9 Garden Grow',20518,13.94,'352389928765404000000001_1.jpg','Active','Pack of 9 - 30 Day Returns - Free Delivery',0,NULL,24),(352441009974,'2Pcs Plastic Flamingo Lawn Figurine Garden Party Grassland Ornaments Decor Pink',29511,7.95,'140.jpg','Active','UK STOCK',0,NULL,17),(352496589915,'Garden Gear Two-Tier Boot Stand Steel Shoe Rack Wellington Storage 4/6 Pairs NEW',43506,19.99,'','Active','12 Month Guarantee - 30 Day Returns - Free Delivery',0,NULL,13),(352575032994,'4X Flame Solar Torch Light Warm white LED Flickering Stake Xmas Garden Lamp',20509,26.99,'140.jpg','Active','Amazing Quality√4 pcs√Free & Fast Post√UK Seller',0,NULL,7),(360586698892,'Bird Fruit Crop Garden Pond Agricultural Protection Netting 2m 4m 6m 8m 10m Wide',50365,19.99,'3605866988924040_9.jpg','Active','-',0,NULL,32),(360689326106,'6 X SOLAR POWER POWERED DOOR FENCE WALL LIGHTS LED OUTDOOR GARDEN SHED LIGHTING',20509,10.89,'140.jpg','Active','-',0,NULL,26),(360819218280,'Plastic Garden Plant / Flower Pot Saucers Terracotta Hydroponics Various Sizes',20518,16.99,'3608192182804040_5.jpg','Active','-',0,NULL,31),(360857374663,'Pressure Sprayer 2 5 8 16 20 Litre Manual Bottle Knapsack Weed Killer Garden LTR',178984,5.99,'','Active','-',0,NULL,35),(361221590646,'Set of Two Standing Flower Fairy Resin Garden Ornaments Outdoor Fairies',29511,10.95,'140.jpg','Active','-',0,NULL,10),(361363430740,'15M 30M 50M 75M 100M Hose Reel Pipe Hosepipe Reinforced Water Tough Path Garden ',29522,26.99,'361363430740404000000004_1.jpg','Active','-',0,NULL,11),(361491532178,'Georgian Wall Basket Flower Planter Window Box Metal Trough Garden Outdoor Plant',20518,10.99,'','Active','-',0,NULL,24),(361634650956,'1.2V AA 600mAh NiMH Rechargeable Batteries Garden Solar Lights',20509,3,'361634650956404000000003_1.jpg','Active','-',0,NULL,12),(361855567154,'Bird Netting 2m  4m  6m  8m  12m  14m  20m Anti Pond Garden Fruit cage Veg net',181046,4.49,'','Active','Best Quality Professional Bird Netting 30g/ms',0,NULL,19),(361937845497,'Gatemate Security Garden Shed Gate Lock Long Throw Locking Bolt ( Pull Handle )',63891,29.99,'361937845497404000000002_3.jpg','Active','*Locking from both side*Available Keyed Alike**UK stock',0,NULL,22),(361975106173,'Rattan Style Rectangle Plastic Garden Storage Fruit Basket',125072,13.99,'361975106173404000000003_2.jpg','Active','-',0,NULL,10),(362100771177,'72 Pocket Planting Bag Hanging Wall Vertical Planter Hanging Flower Herb Garden ',20518,9.19,'362100771177404000000002_1.jpg','Active','-',0,NULL,20),(362174662099,'Large Metallic Plastic Garden Plant Planter Pots Flower Tree Pots Set of 3',20518,10.99,'','Active','-',0,NULL,29),(371598599562,'Garden Tulip Flower Shape LED Solar Powered Lights Outdoor Yard Standing Decor',94940,9.99,'371598599562404000000002_1.jpg','Active','Available To Buy In 1  3  5  6 or One Of Each Colour!!',0,NULL,8),(372494997461,'Very Large Appealing Garden Gnomes 49cm Choice of 4 Colours Patio Terrace Gnome',29511,21.99,'','Active','-',0,NULL,22),(372570823009,'2 x Reclining Sun Bed Loungers Folding Outdoor Garden Relaxer Zero Gravity Chair',79682,46.99,'140.jpg','Active','FREE CUP & PHONE HOLDER INCLUDED * UK STOCK*',0,NULL,9),(372582901658,'30m Hose and Reel - Hose Pipe with Reel - Garden Water Pipe',29522,28.99,'140.jpg','Active','-',0,NULL,12),(381525042303,'Strong Heavy Duty Professional Bamboo Plant Support Garden Canes | 2ft - 10ft',43538,22.99,'3815250423034040_3.jpg','Active','-',0,NULL,29),(381705661172,'Rattan Swing Patio Garden Weave Hanging Egg Chair w/Cushion& Cover In or Outdoor',79682,172.99,'','Active','Max.150kg*Solid* Xmas Gift* Free Shipping*UK Stock',0,NULL,33),(382374375915,'Fence Wall Spikes Garden Security Intruder Bird Cat Repellent Burglar Anti Climb',20589,24.29,'3823743759154040_1.jpg','Active','***UV & Frost Protected***',0,NULL,5),(382691292251,'4x 30LED Solar Power PIR Motion Sensor Wall Light Outdoor Waterproof Garden Lamp',94940,18.89,'382691292251404000000001_3.jpg','Active','-',0,NULL,27),(382709002370,'30 LED Solar String Lights Crystal Ball Christmas Trees Garden Party Fairy Lamp',20509,8.99,'382709002370404000000001_1.jpg','Active','-',0,NULL,12),(391787354114,'NEW SEAT PAD DINING ROOM GARDEN KITCHEN CHAIR CUSHIONS WITH TIE ON',20563,13.59,'391787354114404000000006_1.jpg','Active','BUY 3  GET 20% OFF | more order more sale | UK SHIP |',0,NULL,11),(392011917713,'NEW 2/4/6 WHITE LED SOLAR POWER GARDEN LIGHTS GUTTER FENCE WALL OUTDOOR LIGHTING',20509,17.49,'392011917713404000000003_8.jpg','Active','-',0,NULL,14),(392156649125,'50-500 LED Solar Fairy Lights Garden Party String Outdoor Halloween Christmas',20509,18.99,'392156649125404000000004_2.jpg','Active','-',0,NULL,34),(392167008911,'8x 72 LED Solar Power PIR Motion Sensor Wall Security Light Lamp Garden Outdoor',20509,14.99,'392167008911404000000001_2.jpg','Active','-',0,NULL,18),(401411929567,'Set of 2 Covent Garden 25x14.5cm Oval Galvanised Zinc Metal Tin Plant Pot',20518,6.99,'140.jpg','Active','-',0,NULL,20);
/*!40000 ALTER TABLE item ENABLE KEYS */;
UNLOCK TABLES;

--
-- Table structure INSERT INTO sale
--
INSERT INTO sale (discount, categoryId, itemId, startDate, endDate)
VALUES 
	(25 , NULL, 111044776271, '2019-03-10', '2019-04-01'),
    (10 , NULL, 111435849640, '2019-03-26', '2019-04-11'),
    (12 , NULL, 112427532195, '2019-04-01', '2019-04-16');

--
-- Dumping data for table `supplier`
--
LOCK TABLES supplier WRITE;
INSERT INTO supplier VALUES ('Brummigum','B112BE','Birmingham United Kingdom','GB',1),('Cuddlies','B646PU','Cradley Heath United Kingdom','GB',13),('Pruppers','B700AZ','West Bromwich United Kingdom','GB',5),('Alfies','B783PR','Tamworth United Kingdom','GB',6),('Moovern On','B980EA','Redditch United Kingdom','GB',8),('Yovillage','BA227LH','Yeovil United Kingdom','GB',10),('Woolies','BA52JH','Wells United Kingdom','GB',3),('Tor Ornaments','BA68LE','Glastonbury United Kingdom','GB',13),('Rosies','BB46DJ','Rossendale United Kingdom','GB',3),('Skippies','BD231JF','Skipton United Kingdom','GB',2),('Palters','BH121EQ','Poole United Kingdom','GB',5),('Bourne Again','BH76HD','Bournemouth United Kingdom','GB',2),('Wendys','BL34LP','Bolton United Kingdom','GB',7),('Ceasers','BN271RL','Hailsham United Kingdom','GB',3),('Braggers','BS348GG','Weston-super-Mare United Kingdom','GB',2),('Katies','BT513AF','Coleraine United Kingdom','GB',11),('Maries','BT783RH','Omagh United Kingdom','GB',7),('Lookewes','BT828LN','Strabane United Kingdom','GB',6),('Hot Things','CA255QE','Cleator Moor United Kingdom','GB',3),('Updales','CB97YH','Haverhill United Kingdom','GB',8),('Cabbotts','CF158BU','Cardiff United Kingdom','GB',1),('Statues and Lawns','CH24EB','Chester United Kingdom','GB',5),('Wurly Goods','CH623RP','Wirral United Kingdom','GB',13),('Towie Tatle','CM133SN','Brentwood United Kingdom','GB',12),('Hummarks','CM232AP','Bishop\'s Stortford United Kingdom','GB',6),('Chelm Chimes','CM27RW','Chelmsford United Kingdom','GB',5),('Collies','CO62LG','Colchester United Kingdom','GB',10),('Solers','CT155LA','Dover United Kingdom','GB',8),('Bayers','CT65TU','Herne Bay United Kingdom','GB',2),('Habbitting','CV114PN','Nuneaton United Kingdom','GB',6),('Leas','CV339DN','Leamington Spa United Kingdom','GB',7),('Willies','CV370AD','Stratford-upon-Avon United Kingdom','GB',8),('The Garden Crewe','CW13JX','Crewe United Kingdom','GB',4),('Knowels','CW60SR','Tarporley United Kingdom','GB',10),('Lizzies Lawn Goods','DA26QA','Dartford United Kingdom','GB',3),('Rammers Emporium','DE221DD','Derby United Kingdom','GB',9),('Dabbers','DH79FL','Durham United Kingdom','GB',6),('Trainers','DL14WG','Darlington United Kingdom','GB',2),('B and Rs','DL94GE','Catterick Garrison United Kingdom','GB',5),('Rustic Robs','DN150BX','Scunthorpe United Kingdom','GB',4),('Damsels','DN26LL','Doncaster United Kingdom','GB',8),('Cheaftons','DT110HZ','Blandford Forum United Kingdom','GB',8),('Central','E151RB','London United Kingdom','GB',9),('Colins','EH478NP','Bathgate United Kingdom','GB',12),('Libys','EH545DB','Livingston United Kingdom','GB',6),('Exeter Garden Gifts','EX52RX','Exeter United Kingdom','GB',6),('Royals','FY30EG','Blackpool United Kingdom','GB',2),('Terrys Tatt','FY52TY','Thornton-Cleveleys United Kingdom','GB',10),('DRME','FY83AY','Lytham St. Annes United Kingdom','GB',6),('Toownies','G329QT','Glasgow United Kingdom','GB',2),('FIDDDA','GL179NA','Drybrook United Kingdom','GB',6),('Puddlingtons','GL28JG','Gloucester United Kingdom','GB',5),('Chappies','GL526BP','Cheltenham United Kingdom','GB',6),('Cygons','GL71YT','Cirencester United Kingdom','GB',4),('The Barracks','GU350XW','Bordon United Kingdom','GB',1),('The Hooders','HD22XJ','Huddersfield United Kingdom','GB',6),('Straw Town','HP92JD','Beaconsfield United Kingdom','GB',7),('Moovers','HR49HN','Hereford United Kingdom','GB',6),('Fabershams','HU143PZ','North Ferriby United Kingdom','GB',4),('The Rough Shop','HU151SW','Brough United Kingdom','GB',7),('Cottingham Garden Goods','HU165YQ','Cottingham United Kingdom','GB',4),('Uniters','HU91TH','Hull United Kingdom','GB',10),('VKs','IP171QU','Saxmundham United Kingdom','GB',8),('GTs','IP200AN','Harleston United Kingdom','GB',2),('Miss Diss','IP221NE','Diss United Kingdom','GB',3),('Brandons','IP279DP','Brandon United Kingdom','GB',9),('Edmunds','IP287RJ','Bury St. Edmunds United Kingdom','GB',5),('Iswitch','IP60NX','Ipswich United Kingdom','GB',11),('Wurtsies','KT168QL','Chertsey United Kingdom','GB',13),('Stones and Gnomes','KT33QW','New Malden United Kingdom','GB',9),('Croakers','L191RY','Liverpool United Kingdom','GB',2),('Le Stuff','LA220JS','Ambleside United Kingdom','GB',4),('Cambels','LA63ED','Carnforth United Kingdom','GB',11),('MKs','LA94TP','Kendal United Kingdom','GB',7),('Swordskils','LE127BH','Loughborough United Kingdom','GB',7),('LCMT','LE27SR','Leicester United Kingdom','GB',2),('Vexed','LL130DT','Wrexham United Kingdom','GB',4),('HR an MR','LL210DR','Corwen United Kingdom','GB',5),('Good Stuff','LL227SW','Abergele United Kingdom','GB',8),('Lardies','LL301HU','Llandudno United Kingdom','GB',7),('The incredibly long shop.','LL615RZ','Llanfairpwllgwyngyll United Kingdom','GB',13),('Bodrums','LL625DL','Bodorgan United Kingdom','GB',9),('Sultanas','LN82AQ','Market Rasen United Kingdom','GB',1),('Dimplers','LS158ZA','Leeds United Kingdom','GB',13),('Cunions','M224RW','Manchester United Kingdom','GB',10),('Dons Garden Bits','MK57AX','Milton Keynes United Kingdom','GB',3),('Smiths Stuff','NE373ES','Washington United Kingdom','GB',9),('Proodies','NE425AX','Prudhoe United Kingdom','GB',12),('Gamlers','NE82NT','Gateshead United Kingdom','GB',1),('Nutters','NG165BZ','Nottingham United Kingdom','GB',8),('Suttings','NG174DW','Sutton-in-Ashfield United Kingdom','GB',7),('Macks','NG185HW','Mansfield United Kingdom','GB',4),('Grannies','NG317PS','Grantham United Kingdom','GB',12),('Dragon Doings','NN142RQ','Kettering United Kingdom','GB',1),('Wellies','NN81HN','Wellingborough United Kingdom','GB',4),('Burnters','NP120ND','Blackwood United Kingdom','GB',5),('Racey Roof and Garden','NP166NP','Chepstow United Kingdom','GB',1),('Birds for Business','NP263GF','Caldicot United Kingdom','GB',13),('Elegance','NR325EZ','Stamford United Kingdom','GB',4),('Union Sales','NR78DP','Norwich United Kingdom','GB',3),('Rickies','OL161TA','Rochdale United Kingdom','GB',12),('The Lynes','OL64TY','Ashton-under-Lyne United Kingdom','GB',5),('On the Square','OX296TN','Witney United Kingdom','GB',7),('Beebies','PE203QF','Boston United Kingdom','GB',12),('Nessies','PE253TB','Skegness United Kingdom','GB',12),('The Hunters','PE282PH','Huntingdon United Kingdom','GB',12),('Light and Flight','PE78DG','Peterborough United Kingdom','GB',6),('Southern Stuff','PL254HA','St. Austell United Kingdom','GB',1),('Quereta','PO208PA','Chichester United Kingdom','GB',12),('Prissies','PR25BL','Preston United Kingdom','GB',9),('The Lays','PR266TN','Leyland United Kingdom','GB',7),('Working Wood','PR69FE','Chorley United Kingdom','GB',3),('Babblers','RG414DS','Whitland United Kingdom','GB',4),('Reads','RG423XD','Bracknell United Kingdom','GB',4),('Crains','RG71UR','Reading United Kingdom','GB',11),('The Daggie Shop','RH103PD','Crawley United Kingdom','GB',9),('TA Holdings','RH138AZ','Horsham United Kingdom','GB',6),('Bugs and Bits','RM82DD','Dagenham United Kingdom','GB',5),('Satais','S419AY','Chesterfield United Kingdom','GB',4),('The Upper Shelf','S636NX','Rotherham United Kingdom','GB',10),('Whitelands','S72BE','Sheffield United Kingdom','GB',9),('BAAH','S751HH','Barnsley United Kingdom','GB',5),('Talbot ornaments','SA133EU','Port Talbot United Kingdom','GB',1),('Opal Options','SA175NA','Ferryside United Kingdom','GB',5),('Carders','SA340JL','Whitland United Kingdom','GB',6),('The Swails','SA432NW','Cardigan United Kingdom','GB',4),('Saxmondons','SA66RX','Swansea United Kingdom','GB',7),('Hitchin Kitchin','SG40TY','Hitchin United Kingdom','GB',11),('WERKI','SK236BG','High Peak United Kingdom','GB',3),('SSW','SL11LE','Slough United Kingdom','GB',7),('Moppers','SL61UA','Maidenhead United Kingdom','GB',2),('Delta Trading','SN101JQ','Devizes United Kingdom','GB',1),('Furriers','SN78EP','Faringdon United Kingdom','GB',7),('Rimseys','SO510PD','Romsey United Kingdom','GB',11),('Gillians','SP85LY','Gillingham United Kingdom','GB',5),('Walters Stoneware','SS68JL','Rayleigh United Kingdom','GB',8),('The Little Big Shop','SS80QY','Canvey Island United Kingdom','GB',13),('P and WT','ST71HE','Stoke-on-Trent United Kingdom','GB',2),('Ollies','SY114JH','Oswestry United Kingdom','GB',12),('Sals','TA219PY','Wellington United Kingdom','GB',3),('Overrover','TA230PZ','Watchet United Kingdom','GB',10),('Ironstone','TF12JS','Telford United Kingdom','GB',10),('Wells','TN126PY','Tonbridge United Kingdom','GB',6),('Mays','TN206RG','Mayfield United Kingdom','GB',1),('Tong in Cheek','TN25UF','Tunbridge Wells United Kingdom','GB',6),('Torque','TQ28NW','Torquay United Kingdom','GB',12),('Brahams','TQ59UB','Brixham United Kingdom','GB',9),('The Pirates','TR182RJ','Penzance United Kingdom','GB',13),('DTD','TW196AE','Staines United Kingdom','GB',8),('Hatters','TW59PR','Hounslow United Kingdom','GB',7),('TGM','UB67RH','Greenford United Kingdom','GB',4),('Mannor Mines','UB77RX','West Drayton United Kingdom','GB',6),('Warmers','WA58DE','Warrington United Kingdom','GB',10),('Startics','WA74UH','Runcorn United Kingdom','GB',2),('Wafflers','WA87DD','Widnes United Kingdom','GB',12),('Harping On','WA95NH','St. Helens United Kingdom','GB',9),('Dutcheses','WF132ED','Dewsbury United Kingdom','GB',8),('Lampkins','WF156QR','Liversedge United Kingdom','GB',11),('The Cake Shop','WF93EJ','Pontefract United Kingdom','GB',2),('Wigwams','WN60BP','Wigan United Kingdom','GB',6),('Potters','WR66HY','Worcester United Kingdom','GB',4),('Thursdays','WS109LR','Wednesbury United Kingdom','GB',6),('The Pump Shop','WS13EJ','Walsall United Kingdom','GB',13),('Ramports','WV164AP','Bridgnorth United Kingdom','GB',12),('Doings','YO259DJ','Driffield United Kingdom','GB',8),('Yorkies','YO424PN','York United Kingdom','GB',6),('Sellers','YO88NT','Selby United Kingdom','GB',12);
UNLOCK TABLES;

--
-- Dumping data for table `itemsupplier`
--
LOCK TABLES itemsupplier WRITE;
INSERT INTO itemsupplier VALUES (111044776271,'CH24EB',31.99),(111044776271,'SO510PD',28.99),(111435849640,'CM133SN',19.95),(111435849640,'CT155LA',19.95),(111435849640,'HD22XJ',19.95),(111435849640,'LN82AQ',19.95),(111435849640,'WR66HY',19.95),(112427532195,'BD231JF',112.5),(112427532195,'BL34LP',19.95),(112427532195,'GU350XW',19.95),(112427532195,'HU151SW',164.85),(112427532195,'IP171QU',59.75),(112427532195,'NR325EZ',64.95),(112427532195,'RH138AZ',49.5),(112427532195,'SL61UA',38.95),(112527468200,'SA340JL',12.49),(112580830609,'PL254HA',23.99),(113006730570,'B980EA',2.69),(113006730570,'BA227LH',3.09),(113006730570,'CV114PN',2.69),(113006730570,'CV339DN',3.09),(113006730570,'LL210DR',3.89),(113006730570,'S419AY',1.99),(113006730570,'SA133EU',3.89),(113006730570,'TN25UF',3.89),(113006730570,'WA58DE',3.09),(113006730570,'WA95NH',2.69),(113006730570,'WV164AP',3.89),(113025514093,'BB46DJ',3.98),(113025514093,'L191RY',3.98),(113025514093,'LL615RZ',7.59),(113025514093,'NR325EZ',7.59),(113025514093,'NR78DP',7.59),(113082157598,'FY83AY',275),(113082157622,'BA227LH',99),(113082157622,'GU350XW',99),(113082157622,'TN206RG',99),(113086315951,'CB97YH',299),(113086315951,'OL161TA',299),(113086315951,'TN206RG',299),(113086315951,'WA87DD',299),(113086318759,'SA432NW',189),(113086318759,'ST71HE',189),(113251417782,'CM133SN',9.09),(121605827865,'BA52JH',9.95),(121621781047,'B980EA',295.99),(121621781047,'BH121EQ',228.9),(121621781047,'IP171QU',218.9),(121621781047,'LE127BH',295.99),(121621781047,'LL227SW',295.99),(121621781047,'LL625DL',228.9),(121621781047,'LS158ZA',218.9),(121621781047,'NE82NT',295.99),(121621781047,'PO208PA',295.99),(121723631331,'TQ28NW',2),(122157910219,'WA95NH',3.04),(122386737751,'CT155LA',24.89),(122527766186,'CM27RW',34.9),(122527766186,'TR182RJ',34.9),(122595054128,'BT513AF',9.95),(122595054128,'PE282PH',9.95),(122917548162,'PL254HA',2.16),(123201440297,'NG165BZ',369),(123201440297,'NP263GF',369),(123201440297,'PR69FE',369),(123201440314,'E151RB',279),(123201440314,'RM82DD',279),(123201440314,'TQ59UB',279),(123201440331,'BT828LN',99.5),(123201440331,'NE425AX',99.5),(123201440331,'WR66HY',99.5),(123229577154,'OX296TN',9.99),(123367611116,'BT783RH',8.79),(123367611116,'EX52RX',13.37),(123367611116,'M224RW',8.79),(123367611116,'SA66RX',23.17),(123388903000,'LL210DR',2.03),(123392364739,'BH121EQ',14.59),(123392364739,'BT783RH',9.99),(123392364739,'CA255QE',10.49),(123392364739,'GL179NA',11.99),(123392364739,'LL130DT',12.79),(123392364739,'NG174DW',5.49),(123392364739,'NP166NP',10.99),(123392364739,'SK236BG',9.29),(123449216282,'CH24EB',30.99),(123449216282,'GU350XW',32.99),(123449216282,'OL64TY',17.99),(123449216282,'SK236BG',18.99),(123449216282,'WA58DE',35.88),(123587263558,'WA58DE',18.49),(131794347952,'CF158BU',39.99),(131829487560,'LL625DL',4.99),(131887370806,'LA220JS',35.99),(132334208230,'LL227SW',12.99),(132438891002,'NG174DW',9.99),(132547657382,'EH478NP',3.21),(132547657382,'NN142RQ',3.53),(132547657382,'WF93EJ',3.52),(132616350726,'DN150BX',139.99),(132616350726,'NR78DP',35.99),(132616350726,'WS109LR',9.99),(132685160323,'CT65TU',2.62),(132685160323,'IP200AN',3.05),(132685160323,'SA432NW',2.62),(132685160323,'YO424PN',5.57),(132740121987,'SO510PD',6.99),(132856167510,'LA63ED',94.99),(141936872040,'KT33QW',39.99),(141936872040,'MK57AX',12.99),(141936872040,'OX296TN',34.99),(141936872040,'S636NX',17.99),(141936872040,'SA340JL',12.99),(141936872040,'WF132ED',20.99),(141973641117,'S419AY',11.99),(141989436736,'CB97YH',4.99),(141989436736,'CH24EB',4.99),(141989436736,'G329QT',1.99),(141989436736,'GL28JG',6.99),(141989436736,'RG71UR',2.99),(141989436736,'SA66RX',5.99),(141989436736,'WN60BP',1.99),(141989436736,'WR66HY',7.99),(142075538912,'B112BE',11.99),(142075538912,'BA68LE',21.99),(142075538912,'BS348GG',42.99),(142075538912,'BT513AF',59.99),(142075538912,'CH623RP',11.99),(142075538912,'CM27RW',42.99),(142075538912,'CT155LA',11.99),(142075538912,'FY83AY',21.99),(142075538912,'GL526BP',42.99),(142075538912,'HR49HN',11.99),(142075538912,'LL625DL',21.99),(142075538912,'NE82NT',59.99),(142075538912,'NG317PS',11.99),(142075538912,'PE253TB',42.99),(142075538912,'SA340JL',59.99),(142075538912,'TA230PZ',21.99),(142075538912,'WA95NH',42.99),(142075538912,'WF132ED',11.99),(142075538912,'YO259DJ',21.99),(142328942428,'CA255QE',64.99),(142328942428,'HP92JD',54.99),(142730822882,'B112BE',12.99),(142730822882,'CV370AD',14.99),(142730822882,'DA26QA',11.99),(142730822882,'EX52RX',11.99),(142730822882,'PE203QF',9.99),(142730822882,'SA340JL',12.99),(142730822882,'WA87DD',12.99),(143023124061,'CH623RP',12.65),(143023124061,'CV370AD',7.99),(143023124061,'IP200AN',33.65),(143023124061,'LL130DT',44.03),(143023124061,'NE82NT',11.57),(143023124061,'NR78DP',23.96),(143023124061,'RH103PD',17.89),(143023124061,'TN126PY',7.99),(143023124061,'TQ28NW',22.63),(143023124061,'TW196AE',20.64),(143023124061,'WA74UH',19.55),(143023124061,'WA95NH',20.14),(151348904829,'WV164AP',15),(151629100135,'BT783RH',11.95),(151629100135,'DE221DD',17.49),(151629100135,'KT33QW',37.49),(151629100135,'NE425AX',21.99),(151629100135,'NG185HW',44.49),(151629100135,'NN142RQ',14.99),(151629100135,'OL161TA',5.49),(151629100135,'PE78DG',8.99),(152721139900,'EX52RX',67),(152721139900,'LL130DT',84),(152721139900,'UB67RH',67),(152793847888,'WA74UH',54.95),(153059189894,'GL28JG',19.99),(153169099343,'FY52TY',14.99),(153169099343,'TQ59UB',21.9),(153169099343,'TW59PR',24.5),(153169099343,'WF93EJ',14.99),(153174518357,'CH623RP',13.99),(153174518357,'SA175NA',13.99),(153214458994,'SA175NA',21.99),(153319853459,'CA255QE',31.95),(153319853459,'SS68JL',18.15),(153319853459,'ST71HE',8.89),(153319853459,'WR66HY',59.56),(161566753012,'KT33QW',3.75),(161595348354,'BT513AF',33.99),(161595348354,'CW60SR',26.99),(161595348354,'LL130DT',30.99),(161595348354,'RG71UR',21.19),(162563429544,'BB46DJ',29.99),(162563429544,'CH24EB',24.99),(162563429544,'CM232AP',8.89),(162563429544,'GL28JG',14.99),(162563429544,'NR325EZ',19.99),(162563429544,'SS68JL',5.99),(162719504043,'CB97YH',12.49),(162723224673,'CA255QE',12.69),(162723224673,'CM133SN',12.69),(162723224673,'CM232AP',12.69),(162723224673,'CO62LG',7.34),(162723224673,'DT110HZ',7.34),(162723224673,'E151RB',7.34),(162723224673,'FY83AY',23.77),(162723224673,'IP60NX',23.77),(162723224673,'KT33QW',7.34),(162723224673,'LA63ED',23.77),(162723224673,'LS158ZA',12.69),(162723224673,'NR325EZ',7.34),(162723224673,'OL64TY',7.34),(162723224673,'PE282PH',23.77),(162723224673,'PR69FE',23.77),(162723224673,'S72BE',12.69),(162723224673,'SA432NW',12.69),(162723224673,'SS68JL',12.69),(162723224673,'SS80QY',12.69),(162723224673,'ST71HE',12.69),(162723224673,'TA219PY',7.34),(162723224673,'TR182RJ',12.69),(163050240460,'KT168QL',11.99),(163050240460,'WA58DE',13.59),(163097156955,'BL34LP',29.99),(163097156955,'CM133SN',5.99),(163097156955,'DA26QA',26.99),(163097156955,'EX52RX',16.99),(163097156955,'HP92JD',8.99),(163097156955,'KT168QL',8.99),(163097156955,'PE253TB',8.49),(163097156955,'PO208PA',8.95),(163097156955,'RG71UR',14.95),(163097156955,'SA66RX',8.99),(163097156955,'WS13EJ',16.49),(163376952228,'NN81HN',6.79),(163423556783,'BT828LN',7.29),(163423556783,'LE127BH',20.49),(163423556783,'LL210DR',26.49),(163423556783,'YO424PN',13.79),(163521849154,'M224RW',19.95),(171142284167,'B112BE',32.35),(171142284167,'BN271RL',30.95),(171142284167,'GL71YT',9.5),(171142284167,'LE127BH',33.49),(171142284167,'LL130DT',23.99),(171142284167,'PR69FE',32.99),(171142284167,'RG423XD',19.95),(171142284167,'SL11LE',22.49),(171142284167,'SN101JQ',13.99),(171142284167,'SS80QY',15.99),(171142284167,'ST71HE',25.49),(171142284167,'TN25UF',13.49),(171142284167,'WN60BP',2.95),(171142284167,'YO424PN',6.95),(172295157757,'CF158BU',13.98),(172767225085,'DL94GE',6.99),(172767225085,'E151RB',10.99),(172767225085,'EH545DB',17.99),(172767225085,'IP200AN',21.99),(172767225085,'SL61UA',6.99),(172767225085,'SN78EP',10.99),(173072509953,'BT783RH',38.95),(173072509953,'DE221DD',38.95),(173072509953,'SN78EP',38.95),(173072509953,'YO259DJ',38.95),(173072509953,'YO88NT',38.95),(173072791232,'LA220JS',37.99),(173120669540,'BH76HD',27.95),(173344342791,'SA133EU',2.99),(173354628713,'BH121EQ',1.89),(173354628713,'OL64TY',4.69),(173354628713,'PE253TB',1.89),(173354628713,'PR266TN',2.99),(173354628713,'S72BE',2.49),(173354628713,'WF93EJ',6.39),(173483249177,'CA255QE',6.99),(173483249177,'CM133SN',5.09),(173483249177,'HP92JD',6.99),(173483249177,'LL615RZ',9.69),(173483249177,'NE425AX',9.69),(173483249177,'SY114JH',9.69),(173483249177,'WF93EJ',6.99),(173495048835,'LA94TP',39.99),(182550786964,'NG165BZ',9.99),(183113624750,'BA68LE',10.99),(183183084435,'KT33QW',6.99),(183232845281,'RG71UR',179.95),(183242364961,'B700AZ',7.99),(183242364961,'BH121EQ',7.88),(183242364961,'BL34LP',10.99),(183242364961,'BT828LN',10.79),(183242364961,'CM232AP',6.79),(183242364961,'CT65TU',6.99),(183242364961,'HU151SW',10.99),(183242364961,'IP221NE',6.99),(183242364961,'NE373ES',10.99),(183242364961,'PO208PA',5.99),(183242364961,'SA175NA',5.99),(183242364961,'TA230PZ',7.88),(183242364961,'UB77RX',5.99),(183242364961,'WA58DE',6.79),(183242364961,'WA95NH',7.88),(183242364961,'WR66HY',2.99),(183283206460,'FY30EG',4.49),(183305155157,'LA220JS',12.69),(183378563078,'CF158BU',11.49),(183378563078,'NP263GF',6.99),(191520499811,'BD231JF',21.99),(191520499811,'CM27RW',38.99),(191520499811,'CW60SR',21.99),(191520499811,'GL179NA',7.93),(191520499811,'MK57AX',29.99),(191520499811,'NP120ND',11.89),(191520499811,'PE253TB',21.99),(191520499811,'PR266TN',29.99),(191520499811,'SP85LY',28.99),(191766505434,'CA255QE',5.99),(191766505434,'CM232AP',5.99),(191766505434,'LL227SW',5.99),(191766505434,'OL64TY',5.99),(191766505434,'PL254HA',5.99),(191766505434,'PR25BL',5.99),(191766505434,'SA133EU',5.99),(191873832984,'BN271RL',32.95),(191873832984,'CT65TU',29.95),(191873832984,'IP279DP',29.95),(191873832984,'SK236BG',24.95),(191873832984,'SS80QY',24.95),(192553234105,'BH121EQ',3.99),(192553234105,'OX296TN',3.29),(192662825560,'SA432NW',8.95),(192803042554,'BS348GG',5.49),(192803042554,'CM232AP',9.89),(192803042554,'LL210DR',15.89),(192803042554,'LL625DL',5.49),(201037123358,'BL34LP',4.49),(201037123358,'TA230PZ',13.95),(201457065644,'WF132ED',15.95),(201557078632,'NG174DW',16.95),(201831555642,'DL94GE',4.49),(201831555642,'HU91TH',8.99),(201831555642,'LA63ED',7.99),(201839607019,'TN206RG',139.95),(202268553286,'BH76HD',34.99),(202268553286,'TA230PZ',17.99),(202299922752,'SO510PD',29.99),(202413929615,'HP92JD',21.99),(202413929615,'LE27SR',14.99),(202517832297,'WS109LR',16.99),(202520517916,'RM82DD',5.99),(202520517916,'WS13EJ',5.99),(202548898585,'SN78EP',10.99),(202566706752,'PE253TB',119.95),(221618266295,'CA255QE',21.95),(221618266295,'CM232AP',36.45),(221618266295,'GL526BP',21.95),(221618266295,'GU350XW',21.95),(221618266295,'HP92JD',36.45),(221618266295,'HU143PZ',36.45),(221618266295,'IP200AN',36.45),(221618266295,'IP279DP',36.45),(221618266295,'LL210DR',36.45),(221618266295,'LL615RZ',36.45),(221618266295,'LS158ZA',34.95),(221618266295,'RG423XD',21.95),(221618266295,'SA66RX',21.95),(221618266295,'WA87DD',36.45),(222615220907,'BB46DJ',49.99),(222651269645,'CM133SN',19.95),(222651269645,'CV114PN',16.95),(222651269645,'DA26QA',16.95),(222651269645,'EH478NP',19.95),(222651269645,'G329QT',19.95),(222651269645,'HD22XJ',16.95),(222651269645,'IP60NX',16.95),(222651269645,'RG423XD',16.95),(222651269645,'TR182RJ',19.95),(222651269645,'WS109LR',19.95),(222790839183,'SS68JL',4.26),(222899247742,'PO208PA',11.49),(222951089324,'B112BE',7.99),(222951089324,'B646PU',12.99),(222951089324,'DH79FL',4.99),(222951089324,'GU350XW',4.99),(222951089324,'LA63ED',7.99),(222951089324,'LL227SW',4.99),(222951089324,'NE82NT',3.99),(222951089324,'NG174DW',2.99),(222951089324,'NP263GF',3.99),(222951089324,'OL64TY',8.99),(222951089324,'PE78DG',7.99),(222951089324,'S419AY',5.29),(222951089324,'S751HH',7.99),(222951089324,'TA230PZ',2.99),(222951089324,'YO88NT',8.99),(223029510911,'KT33QW',27.99),(223029510911,'PE253TB',13.99),(223029510911,'RH103PD',22.99),(223029510911,'WV164AP',14.99),(223032103301,'HU151SW',5.49),(223032103301,'WA87DD',5.49),(223032103301,'WF132ED',5.49),(223036095390,'DH79FL',25.99),(223036095390,'LS158ZA',14.99),(223036095390,'NR78DP',21.99),(223284259549,'CV339DN',13.95),(223350528293,'L191RY',5.95),(231510114064,'BA227LH',33.99),(231510114064,'CB97YH',12.99),(231510114064,'E151RB',22.99),(231510114064,'LL130DT',22.99),(231510114064,'OX296TN',17.99),(231510114064,'SN78EP',26.99),(231510114064,'WS109LR',22.99),(232005247188,'FY52TY',244.99),(232005247188,'NG174DW',181.99),(232005247188,'TN206RG',186.99),(232416125205,'SS68JL',2.95),(232416125205,'TA230PZ',2.15),(232476410468,'CV339DN',215),(233029279472,'YO88NT',11.95),(251822742660,'BL34LP',23.95),(252620657957,'B980EA',9.49),(252620657957,'CT155LA',14.49),(252620657957,'IP60NX',12.49),(252620657957,'M224RW',5.49),(252841154330,'IP221NE',10.95),(252841154330,'SA175NA',24.95),(252841154330,'WA95NH',17.95),(253047483579,'LL301HU',62),(253049756210,'EH545DB',30),(253049756210,'OL64TY',40),(253049756210,'PR25BL',40),(253578885016,'KT168QL',19.99),(253578885016,'NR78DP',15.6),(253578885016,'SN101JQ',29.5),(253789661187,'WF156QR',9.49),(253893553547,'HD22XJ',27),(253893553547,'RH103PD',21),(253893553547,'RM82DD',12),(253893553547,'SG40TY',15),(253893553547,'TN25UF',12),(253900461684,'CM133SN',20.95),(253900461684,'NG174DW',7.95),(253929694431,'CW60SR',9.99),(253929694431,'NP166NP',9.99),(254078051947,'CV114PN',8.99),(254098502391,'WR66HY',1.99),(261871461762,'OL161TA',11.9),(261871461762,'TW59PR',11.9),(262210177296,'SO510PD',2.69),(262344358018,'WA58DE',20.99),(262816196041,'M224RW',2.95),(262818465860,'B112BE',3.95),(262818465860,'BB46DJ',3.95),(262818465860,'BD231JF',5.95),(262818465860,'BH121EQ',4.95),(262818465860,'CB97YH',4.95),(262818465860,'EH545DB',6.95),(262818465860,'LS158ZA',6.95),(262818465860,'NE373ES',3.95),(262818465860,'NG174DW',4.95),(262818465860,'NP120ND',11.95),(262818465860,'NR78DP',7.95),(262818465860,'PE253TB',7.95),(262818465860,'PR266TN',19.95),(262818465860,'SP85LY',4.95),(262818465860,'WA95NH',7.95),(262818465860,'WS109LR',9.95),(262943559485,'B112BE',18.99),(262943559485,'YO259DJ',33.99),(262979756095,'TW59PR',25.5),(263006307389,'TW59PR',14.99),(263120178634,'OL64TY',13.5),(263220760377,'CV339DN',7.99),(263220760377,'IP60NX',10.99),(263220760377,'OL161TA',10.89),(263526209701,'CA255QE',9.99),(263526209701,'GL526BP',10.79),(263526209701,'TW59PR',10.59),(263825889712,'CM133SN',3.19),(263825889712,'WA87DD',3.19),(263825889712,'WR66HY',2.99),(263849043411,'G329QT',7.3),(263849043411,'RG71UR',6.9),(263927978214,'CO62LG',16.91),(263927978214,'LL210DR',55.89),(263927978214,'PE253TB',33.23),(263927978214,'SN78EP',39.36),(263927978214,'SO510PD',39.36),(263960676748,'BA52JH',9.59),(263960676748,'GU350XW',6.99),(263960676748,'LE127BH',9.59),(263960676748,'PE203QF',1.79),(263960676748,'SN78EP',9.59),(263960676748,'SO510PD',4.99),(263960676748,'TA230PZ',6.99),(263960676748,'TW196AE',4.99),(263974762585,'CM133SN',21.49),(263974762585,'LL227SW',13.49),(264045151732,'M224RW',2.49),(264156639708,'ST71HE',27.45),(264171313321,'NR325EZ',13.99),(271308689780,'IP279DP',33.99),(271308689780,'RH138AZ',33.99),(271594063018,'BD231JF',9.99),(271594063018,'BH76HD',11.99),(271594063018,'DH79FL',17.99),(271594063018,'FY83AY',12.99),(271594063018,'HU91TH',20.99),(271594063018,'MK57AX',7.99),(271594063018,'RG423XD',34.99),(272280315675,'RH103PD',14.99),(273016739413,'NP120ND',20.99),(273080194558,'BA227LH',9.9),(273080194558,'EH545DB',14.9),(273080194558,'LN82AQ',8.9),(273080194558,'PE203QF',7.3),(273080194558,'SL11LE',12.9),(273080194558,'SO510PD',15.9),(273080194558,'WF156QR',13.3),(273294617336,'BA227LH',10.99),(273294617336,'WA58DE',10.99),(273354098405,'FY83AY',7.99),(273354098405,'IP221NE',12.99),(273513749356,'CW60SR',1.84),(273513749356,'NP120ND',1.84),(273513749356,'YO424PN',1.84),(273529872875,'CV339DN',16.95),(273670400560,'BA52JH',3.75),(273670400560,'CV114PN',2.65),(273670400560,'LE27SR',2.65),(273670400560,'WF156QR',2.65),(273681934421,'RM82DD',6.8),(281126890557,'CV370AD',29.99),(281126890557,'CW60SR',29.99),(281126890557,'DN26LL',29.99),(281126890557,'EH478NP',44.99),(281126890557,'EH545DB',44.99),(281126890557,'HD22XJ',44.99),(281126890557,'L191RY',44.99),(281126890557,'PE253TB',35.99),(281126890557,'PE282PH',29.99),(281126890557,'PO208PA',35.99),(281126890557,'SS68JL',29.99),(281126890557,'ST71HE',29.99),(281126890557,'TN25UF',44.99),(281126890557,'WA74UH',35.99),(281126890557,'WA87DD',44.99),(281126890557,'WA95NH',29.99),(281126890557,'WV164AP',29.99),(282573614115,'BA52JH',195),(282573614115,'PL254HA',195),(282960143878,'HR49HN',90.99),(282960143878,'TA219PY',90.99),(282960143878,'WS109LR',90.99),(283050982172,'UB67RH',7.99),(283109788558,'IP171QU',1.69),(283109788558,'ST71HE',3.99),(283109788558,'TN126PY',3.99),(283109788558,'WA58DE',1.85),(283165474550,'B646PU',26.99),(283165474550,'BA52JH',26.99),(283165474550,'BT828LN',29.99),(283224356121,'B112BE',37.59),(283224356121,'NE82NT',37.59),(283224356121,'NG174DW',60.89),(283224356121,'NG185HW',64.79),(283224356121,'PE282PH',37.59),(283224356121,'S419AY',61.79),(283224356121,'TQ59UB',37.59),(283224356121,'WA74UH',102.39),(283228834529,'KT33QW',2.59),(283228834529,'SA175NA',2.59),(283228834529,'SA340JL',2.59),(283260328974,'NE425AX',28.99),(283260328974,'PE78DG',20.44),(283260328974,'PL254HA',9.59),(283260328974,'S636NX',24.44),(283283845052,'DL94GE',29.99),(283283845052,'GL71YT',28.99),(283283845052,'LL210DR',13.99),(283347341652,'CF158BU',14.87),(283347341652,'HU151SW',17.76),(283347341652,'NG317PS',14.43),(283347341652,'OX296TN',8.21),(283347341652,'SG40TY',7.76),(283347341652,'UB67RH',16.65),(291038206253,'LL210DR',27.29),(291038206253,'OX296TN',33.99),(291038206253,'S419AY',19.99),(291038206253,'SA340JL',13.99),(291038206253,'ST71HE',7.89),(292074779390,'CO62LG',19.45),(292074779390,'LL615RZ',35.94),(292322936786,'DN150BX',22.99),(292322936786,'SS80QY',39.99),(292428718150,'BL34LP',12.99),(292613944592,'NG317PS',12.99),(292808409289,'B646PU',429),(292808409289,'CH24EB',485),(292808409289,'CO62LG',495),(292808409289,'DH79FL',569),(292808409289,'DT110HZ',439),(292808409289,'PE203QF',429),(292808409289,'S419AY',559),(292943108293,'DE221DD',49.99),(301142795836,'B112BE',25.99),(301142795836,'OL64TY',23.99),(301142795836,'TA219PY',23.99),(302062598767,'PL254HA',19.99),(302325706364,'B980EA',28.99),(302325706364,'BH121EQ',18.99),(302325706364,'BT783RH',25.99),(302325706364,'CF158BU',10.99),(302325706364,'FY30EG',10.99),(302325706364,'GL526BP',28.99),(302325706364,'HD22XJ',14.99),(302325706364,'HU151SW',14.99),(302325706364,'L191RY',18.99),(302325706364,'LA63ED',10.99),(302325706364,'NG165BZ',16.99),(302325706364,'PE282PH',16.99),(302325706364,'S751HH',25.99),(302325706364,'TN126PY',6.99),(302373877564,'B700AZ',9.99),(302373877564,'BD231JF',9.99),(302373877564,'CM232AP',9.99),(302373877564,'EH545DB',9.99),(302373877564,'NN81HN',9.99),(302373877564,'WS13EJ',9.99),(302373877564,'YO88NT',9.99),(302396109613,'BA227LH',17.99),(302396109613,'DL94GE',12.99),(302396109613,'IP287RJ',22.99),(302396109613,'S72BE',22.99),(302396109613,'TQ59UB',12.99),(302911737274,'G329QT',12.99),(302973169901,'IP221NE',4.29),(302973169901,'LL625DL',2.99),(302973169901,'YO259DJ',4.29),(303038943939,'DH79FL',119.99),(311807506381,'BT783RH',0.99),(312229709446,'OL161TA',10.19),(312229709446,'WA74UH',9.39),(312262387299,'NP120ND',17.59),(312262387299,'ST71HE',16.99),(312262387299,'WA87DD',16.99),(312262387299,'WV164AP',16.99),(321597732915,'BB46DJ',69.5),(321597732915,'CA255QE',78),(321597732915,'CB97YH',79),(321597732915,'HU151SW',80),(321597732915,'NE82NT',71),(321597732915,'NP166NP',70),(321597732915,'PO208PA',71),(321597732915,'PR69FE',73),(321597732915,'RH138AZ',72.5),(321597732915,'RM82DD',72),(322153712503,'BA52JH',10.95),(322550361919,'CA255QE',10.99),(322550361919,'CO62LG',24.99),(322550361919,'GL179NA',10.99),(322550361919,'HU151SW',30.99),(322550361919,'IP221NE',29.99),(322550361919,'NN81HN',24.99),(322550361919,'OX296TN',30.99),(322550361919,'TQ28NW',29.99),(322587488902,'BN271RL',16.47),(322587488902,'NG174DW',14.79),(322587488902,'NP263GF',12.97),(322587488902,'SA175NA',16.47),(322587488902,'WA87DD',16.97),(323036552897,'BA68LE',7.89),(323036552897,'CB97YH',7.89),(323036552897,'CH623RP',7.88),(323036552897,'M224RW',6.42),(323036552897,'S751HH',7.88),(323036552897,'WR66HY',5.22),(323036552897,'YO88NT',6.42),(323254419282,'HU165YQ',14.95),(323294071554,'SK236BG',195),(323491348704,'OL161TA',5.29),(323491348704,'SP85LY',4.69),(323491348704,'WR66HY',4.69),(323518613814,'CA255QE',4.19),(323518613814,'NG185HW',3.79),(323518613814,'S419AY',3.55),(323519668514,'OL64TY',3.79),(323519668514,'TW59PR',5.89),(323519668514,'WF132ED',3.79),(323558568257,'CA255QE',16.99),(323558568257,'E151RB',17.59),(323558568257,'PE282PH',17.59),(323558568257,'RH103PD',16.99),(323558568257,'TA230PZ',16.99),(323569546858,'SN101JQ',11.79),(323569546858,'WA87DD',11.29),(323582107048,'RM82DD',9.95),(331876597174,'BL34LP',18.95),(331876597174,'BS348GG',18.95),(331876597174,'CA255QE',16.95),(331876597174,'DE221DD',18.95),(331876597174,'LL301HU',18.95),(331876597174,'PE78DG',18.95),(331876597174,'TW59PR',18.95),(332134164264,'DN150BX',9.59),(332134164264,'OL161TA',6.59),(332134164264,'TA219PY',6.59),(332157932522,'BD231JF',44.99),(332157932522,'BS348GG',33.99),(332157932522,'CH24EB',38.99),(332157932522,'SA66RX',33.99),(332157932522,'SN101JQ',37.99),(332157932522,'UB67RH',42.99),(332241937584,'PE282PH',24.95),(332241937584,'S751HH',29.95),(332241937584,'TN206RG',24.95),(332241937584,'WV164AP',29.95),(332241937584,'YO259DJ',29.95),(332241937584,'YO424PN',29.95),(332799283274,'BA52JH',14.39),(332799283274,'CW13JX',13.49),(332799283274,'FY30EG',14.39),(332799283274,'HP92JD',15.29),(332799283274,'LA220JS',13.49),(332799283274,'NN142RQ',14.39),(332799283274,'S72BE',14.39),(332799283274,'SA133EU',13.49),(332799283274,'SS80QY',16.19),(332799283274,'TW59PR',13.49),(332878838480,'EX52RX',8.25),(332878838480,'PE282PH',8.25),(332878838480,'RG71UR',8.25),(332878838480,'WA87DD',8.25),(332927653082,'EH545DB',12.95),(333003030381,'HD22XJ',6.99),(333003030381,'SN101JQ',6.99),(350561810114,'L191RY',123.95),(350561810114,'LL615RZ',123.95),(351718250672,'YO424PN',14.5),(352141622271,'CF158BU',19.99),(352141622271,'E151RB',10.99),(352141622271,'NG317PS',10.99),(352141622271,'WA87DD',19.99),(352224211390,'SP85LY',7.96),(352248060501,'WA95NH',180),(352389928765,'FY30EG',13.94),(352441009974,'EH545DB',7.95),(352496589915,'CF158BU',19.99),(352496589915,'HR49HN',24.99),(352496589915,'LL625DL',19.99),(352575032994,'TF12JS',26.99),(360586698892,'BL34LP',15.99),(360586698892,'BS348GG',9.99),(360586698892,'CT155LA',9.99),(360586698892,'CV114PN',9.99),(360586698892,'DA26QA',6.99),(360586698892,'DE221DD',23.99),(360586698892,'DN150BX',11.99),(360586698892,'KT168QL',19.99),(360586698892,'LA220JS',5.99),(360586698892,'LE27SR',13.99),(360586698892,'NR325EZ',4.99),(360586698892,'PE282PH',41.49),(360586698892,'PR25BL',5.99),(360586698892,'RM82DD',33.99),(360586698892,'S419AY',17.99),(360586698892,'SA175NA',11.99),(360586698892,'SL11LE',15.99),(360586698892,'SN78EP',26.49),(360586698892,'TA219PY',7.99),(360586698892,'TN126PY',9.99),(360586698892,'TN25UF',4.99),(360586698892,'TR182RJ',7.99),(360586698892,'TW59PR',18.49),(360586698892,'WF132ED',23.99),(360586698892,'WF93EJ',12.99),(360586698892,'WR66HY',18.99),(360689326106,'NG165BZ',10.89),(360689326106,'YO259DJ',10.89),(360819218280,'CA255QE',5.49),(360819218280,'CH24EB',5.49),(360819218280,'DH79FL',5.99),(360819218280,'NP166NP',9.99),(360819218280,'OX296TN',4.99),(360819218280,'SS80QY',4.99),(360819218280,'WS109LR',5.99),(360819218280,'YO424PN',16.99),(360857374663,'B700AZ',11.99),(360857374663,'CH623RP',13.99),(360857374663,'EH478NP',12.99),(360857374663,'NE82NT',11.99),(360857374663,'OX296TN',13.99),(360857374663,'SS80QY',15.99),(360857374663,'TF12JS',5.99),(360857374663,'WA58DE',10.99),(361221590646,'OL64TY',10.95),(361363430740,'B980EA',32.99),(361363430740,'L191RY',26.99),(361363430740,'M224RW',12.99),(361363430740,'NN81HN',16.99),(361491532178,'FY52TY',10.99),(361491532178,'HD22XJ',26.99),(361634650956,'WF132ED',3),(361855567154,'LA63ED',11.39),(361855567154,'RH103PD',4.49),(361855567154,'SL11LE',9.39),(361855567154,'SP85LY',20.99),(361855567154,'TR182RJ',16.39),(361937845497,'G329QT',29.99),(361975106173,'BT513AF',13.99),(361975106173,'CM27RW',5.99),(361975106173,'CV339DN',17.49),(361975106173,'DN26LL',17.49),(361975106173,'DT110HZ',8.99),(361975106173,'GU350XW',7.49),(361975106173,'HU143PZ',7.49),(361975106173,'IP221NE',13.99),(361975106173,'LA220JS',7.49),(361975106173,'LA94TP',6.29),(361975106173,'NG174DW',8.99),(361975106173,'NG317PS',5.99),(361975106173,'RH138AZ',5.99),(361975106173,'RM82DD',4.99),(361975106173,'SG40TY',17.49),(361975106173,'SY114JH',6.29),(361975106173,'TA230PZ',3.99),(361975106173,'TR182RJ',3.99),(361975106173,'TW59PR',17.49),(362100771177,'RG423XD',9.19),(362174662099,'MK57AX',10.99),(362174662099,'TW59PR',10.99),(371598599562,'BA68LE',9.99),(371598599562,'FY52TY',4.49),(372494997461,'ST71HE',21.99),(372494997461,'WN60BP',21.99),(372570823009,'RG423XD',46.99),(372582901658,'SL11LE',28.99),(381525042303,'BS348GG',23.89),(381525042303,'BT783RH',16.99),(381525042303,'DL94GE',18.89),(381525042303,'DN26LL',16.89),(381525042303,'EH478NP',23.99),(381525042303,'NP120ND',33.99),(381525042303,'S419AY',9.99),(381525042303,'TN206RG',10.99),(381525042303,'WA74UH',22.99),(381525042303,'WV164AP',11.99),(381705661172,'LL301HU',199.99),(381705661172,'NN142RQ',172.99),(381705661172,'TQ28NW',199.99),(382374375915,'DE221DD',16.29),(382374375915,'FY52TY',20.29),(382374375915,'GL526BP',37.29),(382374375915,'LS158ZA',11.29),(382374375915,'NP120ND',4.75),(382374375915,'WS13EJ',24.29),(382691292251,'HD22XJ',18.89),(382709002370,'HU143PZ',3.98),(382709002370,'YO259DJ',8.99),(391787354114,'BS348GG',13.59),(391787354114,'DA26QA',8.89),(391787354114,'HU91TH',18.89),(391787354114,'IP60NX',13.59),(391787354114,'L191RY',13.59),(391787354114,'LA63ED',18.89),(391787354114,'NE425AX',13.59),(391787354114,'NR78DP',13.59),(391787354114,'PE78DG',18.89),(391787354114,'RG423XD',18.89),(391787354114,'S636NX',13.89),(391787354114,'S72BE',8.89),(391787354114,'TQ59UB',8.89),(391787354114,'WF132ED',23.89),(392011917713,'DT110HZ',11.95),(392011917713,'PO208PA',17.49),(392011917713,'YO88NT',7.95),(392156649125,'CH24EB',14.99),(392156649125,'CM133SN',18.99),(392156649125,'IP171QU',18.99),(392156649125,'LS158ZA',6.99),(392156649125,'NE425AX',18.99),(392156649125,'NG165BZ',2.49),(392156649125,'NN81HN',10.99),(392156649125,'RH103PD',14.99),(392156649125,'SA66RX',10.99),(392156649125,'TA219PY',10.99),(392156649125,'WA87DD',10.99),(392167008911,'CM133SN',65.99),(392167008911,'HU91TH',14.99),(401411929567,'BH76HD',6.99);
UNLOCK TABLES;

-- Alter completed on 10-03-2019
--
-- ALTER TABLE for table item
--
ALTER TABLE category
ADD FOREIGN KEY (employeeId) REFERENCES employee(employeeId);

--
-- Table structure INSERT INTO supplierContact
--
INSERT INTO supplierContact (supplierPostalCode, contactName, contactPosition, email, phoneNumber)
VALUES 
	('B783PR', 'Artemis', 'Sales Admin', 'sales@alfiesltd.com', '+447473167111'),
    ('B783PR', 'Luke', 'Sales Admin', 'sales@alfiesltd.com', '+447473167122'),
	('B112BE', 'Alexios', 'Sales Admin', 'sales@bounty.com', '+447473167111'),
    ('DL94GE', 'Alexios', 'Sales Admin', 'sales@bandrs.com', '+447473167111'),
    ('PE282PH', 'Leonidas', 'Sales Admin', 'sales@myrine.com', '+447787899654'),
    ('WA95NH', 'Deimos', 'Sales Admin', 'sales@perikles.com', '+447111234785');

--
-- Table structure INSERT INTO itemLocation
--
/*LOCK TABLES itemlocation WRITE;
/*!40000 ALTER TABLE itemlocation DISABLE KEYS */;
/*INSERT INTO itemlocation VALUES (111044776271,14,'01-06-02'),(111435849640,30,'01-01-01'),(112427532195,24,'01-06-02'),(112527468200,24,'01-04-02'),(112580830609,37,'01-03-01'),(113006730570,32,'01-02-02'),(113025514093,37,'01-01-02'),(113082157598,45,'01-06-01'),(113082157622,34,'01-06-01'),(113086315951,23,'01-06-01'),(113086318759,41,'01-06-01'),(113251417782,18,'01-01-02'),(121605827865,29,'01-03-02'),(121621781047,11,'01-06-02'),(121723631331,28,'01-03-01'),(122157910219,26,'01-04-04'),(122386737751,37,'01-03-01'),(122527766186,25,'01-06-04'),(122595054128,42,'01-03-02'),(122917548162,16,'01-04-04'),(123201440297,16,'01-06-01'),(123201440314,25,'01-06-02'),(123201440331,30,'01-06-02'),(123229577154,28,'01-06-04'),(123367611116,42,'01-05-04'),(123388903000,43,'01-05-01'),(123392364739,44,'01-05-02'),(123449216282,10,'01-01-02'),(123587263558,15,'01-06-04'),(131794347952,35,'01-06-04'),(131829487560,13,'01-04-02'),(131887370806,24,'01-05-01'),(132334208230,34,'01-05-02'),(132438891002,16,'01-03-02'),(132547657382,43,'01-03-02'),(132616350726,14,'01-03-01'),(132685160323,36,'01-03-02'),(132740121987,23,'01-01-02'),(132856167510,34,'01-06-02'),(141936872040,20,'01-02-02'),(141973641117,24,'01-06-04'),(141989436736,16,'01-04-02'),(142075538912,32,'01-05-03'),(142328942428,30,'01-06-02'),(142730822882,45,'01-05-04'),(143023124061,17,'01-01-02'),(151348904829,12,'01-02-02'),(151629100135,34,'01-05-04'),(152721139900,20,'01-06-02'),(152793847888,23,'01-06-04'),(153059189894,45,'01-02-02'),(153169099343,38,'01-04-02'),(153174518357,10,'01-06-04'),(153214458994,36,'01-01-01'),(153319853459,30,'01-01-02'),(161566753012,35,'01-02-02'),(161595348354,39,'01-03-01'),(162563429544,44,'01-01-02'),(162719504043,23,'01-01-02'),(162723224673,43,'01-06-04'),(163050240460,30,'01-06-04'),(163097156955,10,'01-06-04'),(163376952228,23,'01-02-02'),(163423556783,41,'01-01-02'),(163521849154,15,'01-02-02'),(171142284167,18,'01-05-03'),(172295157757,36,'01-06-04'),(172767225085,45,'01-01-03'),(173072509953,33,'01-06-04'),(173072791232,23,'01-06-03'),(173120669540,41,'01-06-04'),(173344342791,19,'01-03-02'),(173354628713,35,'01-03-02'),(173483249177,37,'01-01-03'),(173495048835,35,'01-06-03'),(182550786964,18,'01-02-02'),(183113624750,10,'01-01-03'),(183183084435,24,'01-03-02'),(183232845281,43,'01-05-03'),(183242364961,26,'01-01-03'),(183283206460,27,'01-05-02'),(183305155157,13,'01-06-04'),(183378563078,10,'01-06-04'),(191520499811,39,'01-03-01'),(191766505434,12,'01-06-04'),(191873832984,39,'01-06-04'),(192553234105,44,'01-01-01'),(192662825560,20,'01-02-02'),(192803042554,30,'01-01-03'),(201037123358,11,'01-05-02'),(201457065644,26,'01-06-04'),(201557078632,15,'01-03-02'),(201831555642,25,'01-01-03'),(201839607019,35,'01-06-03'),(202268553286,17,'01-05-04'),(202299922752,44,'01-05-03'),(202413929615,14,'01-06-04'),(202517832297,35,'01-01-03'),(202520517916,17,'01-03-02'),(202548898585,40,'01-01-03'),(202566706752,35,'01-06-03'),(221618266295,10,'01-05-01'),(222615220907,41,'01-05-03'),(222651269645,20,'01-05-01'),(222790839183,43,'01-03-02'),(222899247742,37,'01-02-03'),(222951089324,11,'01-04-02'),(223029510911,44,'01-02-03'),(223032103301,30,'01-03-03'),(223036095390,10,'01-04-03'),(223284259549,22,'01-03-03'),(223350528293,35,'01-03-03'),(231510114064,26,'01-06-04'),(232005247188,16,'01-06-03'),(232416125205,28,'01-01-01'),(232476410468,10,'01-06-03'),(233029279472,29,'01-04-03'),(251822742660,32,'01-04-03'),(252620657957,31,'01-06-04'),(252841154330,10,'01-02-03'),(253047483579,21,'01-02-03'),(253049756210,31,'01-03-01'),(253578885016,10,'01-05-02'),(253789661187,21,'01-02-03'),(253893553547,29,'01-05-02'),(253900461684,34,'01-02-03'),(253929694431,40,'01-01-03'),(254078051947,15,'01-01-01'),(254098502391,19,'01-02-03'),(261871461762,40,'01-05-03'),(262210177296,25,'01-03-01'),(262344358018,31,'01-06-04'),(262816196041,37,'01-03-01'),(262818465860,44,'01-03-01'),(262943559485,28,'01-06-04'),(262979756095,34,'01-05-02'),(263006307389,40,'01-02-03'),(263120178634,17,'01-03-03'),(263220760377,28,'01-06-04'),(263526209701,43,'01-06-04'),(263825889712,13,'01-04-03'),(263849043411,36,'01-04-03'),(263927978214,24,'01-01-03'),(263960676748,36,'01-01-04'),(263974762585,27,'01-02-03'),(264045151732,19,'01-02-03'),(264156639708,39,'01-06-04'),(264171313321,19,'01-06-04'),(271308689780,42,'01-05-01'),(271594063018,36,'01-06-04'),(272280315675,44,'01-01-04'),(273016739413,29,'01-02-03'),(273080194558,39,'01-04-03'),(273294617336,26,'01-01-04'),(273354098405,39,'01-01-04'),(273513749356,36,'01-04-03'),(273529872875,18,'01-06-04'),(273670400560,45,'01-04-03'),(273681934421,17,'01-05-02'),(281126890557,15,'01-05-01'),(282573614115,11,'01-06-03'),(282960143878,38,'01-05-03'),(283050982172,38,'01-02-04'),(283109788558,31,'01-06-04'),(283165474550,30,'01-05-03'),(283224356121,12,'01-06-03'),(283228834529,34,'01-04-03'),(283260328974,16,'01-01-04'),(283283845052,40,'01-01-04'),(283347341652,36,'01-04-04'),(291038206253,15,'01-01-04'),(292074779390,27,'01-06-04'),(292322936786,10,'01-06-04'),(292428718150,32,'01-03-03'),(292613944592,11,'01-02-04'),(292808409289,21,'01-06-03'),(292943108293,27,'01-02-04'),(301142795836,27,'01-06-04'),(302062598767,43,'01-01-04'),(302325706364,15,'01-02-04'),(302373877564,12,'01-06-04'),(302396109613,40,'01-04-01'),(302911737274,12,'01-01-04'),(302973169901,39,'01-04-04'),(303038943939,40,'01-06-03'),(311807506381,36,'01-04-01'),(312229709446,17,'01-02-04'),(312262387299,38,'01-05-03'),(321597732915,21,'01-06-02'),(322153712503,18,'01-04-01'),(322550361919,19,'01-05-04'),(322587488902,29,'01-05-03'),(323036552897,45,'01-02-04'),(323254419282,22,'01-04-01'),(323294071554,34,'01-06-03'),(323491348704,24,'01-06-04'),(323518613814,10,'01-02-01'),(323519668514,38,'01-02-01'),(323558568257,42,'01-05-04'),(323569546858,14,'01-05-04'),(323582107048,43,'01-04-01'),(331876597174,20,'01-05-01'),(332134164264,33,'01-01-01'),(332157932522,26,'01-06-02'),(332241937584,19,'01-05-02'),(332799283274,42,'01-06-01'),(332878838480,38,'01-04-01'),(332927653082,19,'01-04-02'),(333003030381,43,'01-02-01'),(350561810114,42,'01-06-03'),(351718250672,34,'01-04-02'),(352141622271,34,'01-02-01'),(352224211390,24,'01-02-04'),(352248060501,45,'01-06-03'),(352389928765,34,'01-02-04'),(352441009974,26,'01-04-02'),(352496589915,17,'01-05-01'),(352575032994,33,'01-02-01'),(360586698892,33,'01-05-02'),(360689326106,23,'01-02-01'),(360819218280,40,'01-02-04'),(360857374663,15,'01-06-04'),(361221590646,18,'01-04-02'),(361363430740,33,'01-04-04'),(361491532178,32,'01-02-04'),(361634650956,13,'01-02-01'),(361855567154,31,'01-06-04'),(361937845497,37,'01-05-03'),(361975106173,12,'01-06-01'),(362100771177,44,'01-02-04'),(362174662099,32,'01-02-04'),(371598599562,19,'01-05-04'),(372494997461,23,'01-04-02'),(372570823009,14,'01-05-04'),(372582901658,29,'01-04-04'),(381525042303,22,'01-05-01'),(381705661172,10,'01-05-04'),(382374375915,13,'01-03-01'),(382691292251,26,'01-05-04'),(382709002370,45,'01-02-01'),(391787354114,30,'01-03-01'),(392011917713,40,'01-02-01'),(392156649125,27,'01-02-02'),(392167008911,44,'01-02-02'),(401411929567,22,'01-03-01'); 
#,(111044776271, 3, '01-01-01'), (111044776271, 3, '01-02-03');
/*!40000 ALTER TABLE itemlocation ENABLE KEYS */;
#UNLOCK TABLES;

LOCK TABLES `itemlocation` WRITE;
/*!40000 ALTER TABLE `itemlocation` DISABLE KEYS */;
INSERT INTO `itemlocation` VALUES (111044776271,30,'01-06-02'),(111435849640,30,'01-01-01'),(112427532195,24,'01-06-02'),(112527468200,24,'01-04-02'),(112580830609,37,'01-03-01'),(113006730570,32,'01-02-02'),(113025514093,37,'01-01-02'),(113082157598,45,'01-06-01'),(113082157622,34,'01-06-01'),(113086315951,23,'01-06-01'),(113086318759,41,'01-06-01'),(113251417782,18,'01-01-02'),(121605827865,29,'01-03-02'),(121621781047,11,'01-06-02'),(121723631331,28,'01-03-01'),(122157910219,85,'01-04-04'),(122386737751,37,'01-03-01'),(122527766186,25,'01-06-04'),(122595054128,42,'01-03-02'),(122917548162,16,'01-04-04'),(123201440297,16,'01-06-01'),(123201440314,25,'01-06-02'),(123201440331,30,'01-06-02'),(123229577154,28,'01-06-04'),(123367611116,42,'01-05-04'),(123388903000,43,'01-05-01'),(123392364739,44,'01-05-02'),(123449216282,10,'01-01-02'),(123587263558,45,'01-06-04'),(131794347952,35,'01-06-04'),(131829487560,13,'01-04-02'),(131887370806,24,'01-05-01'),(132334208230,34,'01-05-02'),(132438891002,16,'01-03-02'),(132547657382,43,'01-03-02'),(132616350726,14,'01-03-01'),(132685160323,36,'01-03-02'),(132740121987,23,'01-01-02'),(132856167510,34,'01-06-02'),(141936872040,20,'01-02-02'),(141973641117,24,'01-06-04'),(141989436736,16,'01-04-02'),(142075538912,92,'01-05-03'),(142328942428,30,'01-06-02'),(142730822882,73,'01-05-04'),(143023124061,33,'01-01-02'),(151348904829,17,'01-02-02'),(151629100135,34,'01-05-04'),(152721139900,20,'01-06-02'),(152793847888,23,'01-06-04'),(153059189894,45,'01-02-02'),(153169099343,38,'01-04-02'),(153174518357,10,'01-06-04'),(153214458994,36,'01-01-01'),(153319853459,35,'01-01-02'),(161566753012,35,'01-02-02'),(161595348354,39,'01-03-01'),(162563429544,44,'01-01-02'),(162719504043,23,'01-01-02'),(162723224673,46,'01-06-04'),(163050240460,30,'01-06-04'),(163097156955,10,'01-06-04'),(163376952228,23,'01-02-02'),(163423556783,41,'01-01-02'),(163521849154,15,'01-02-02'),(171142284167,62,'01-05-03'),(172295157757,36,'01-06-04'),(172767225085,45,'01-01-03'),(173072509953,33,'01-06-04'),(173072791232,23,'01-06-03'),(173120669540,41,'01-06-04'),(173344342791,19,'01-03-02'),(173354628713,40,'01-03-02'),(173483249177,37,'01-01-03'),(173495048835,35,'01-06-03'),(182550786964,18,'01-02-02'),(183113624750,10,'01-01-03'),(183183084435,24,'01-03-02'),(183232845281,43,'01-05-03'),(183242364961,54,'01-01-03'),(183283206460,27,'01-05-02'),(183305155157,13,'01-06-04'),(183378563078,10,'01-06-04'),(191520499811,39,'01-03-01'),(191766505434,12,'01-06-04'),(191873832984,39,'01-06-04'),(192553234105,44,'01-01-01'),(192662825560,20,'01-02-02'),(192803042554,30,'01-01-03'),(201037123358,11,'01-05-02'),(201457065644,26,'01-06-04'),(201557078632,15,'01-03-02'),(201831555642,25,'01-01-03'),(201839607019,35,'01-06-03'),(202268553286,17,'01-05-04'),(202299922752,44,'01-05-03'),(202413929615,14,'01-06-04'),(202517832297,35,'01-01-03'),(202520517916,17,'01-03-02'),(202548898585,40,'01-01-03'),(202566706752,35,'01-06-03'),(221618266295,10,'01-05-01'),(222615220907,41,'01-05-03'),(222651269645,20,'01-05-01'),(222790839183,43,'01-03-02'),(222899247742,37,'01-02-03'),(222951089324,27,'01-04-02'),(223029510911,44,'01-02-03'),(223032103301,30,'01-03-03'),(223036095390,10,'01-04-03'),(223284259549,22,'01-03-03'),(223350528293,35,'01-03-03'),(231510114064,26,'01-06-04'),(232005247188,16,'01-06-03'),(232416125205,28,'01-01-01'),(232476410468,10,'01-06-03'),(233029279472,29,'01-04-03'),(251822742660,32,'01-04-03'),(252620657957,31,'01-06-04'),(252841154330,62,'01-02-03'),(253047483579,21,'01-02-03'),(253049756210,31,'01-03-01'),(253578885016,70,'01-05-02'),(253789661187,21,'01-02-03'),(253893553547,29,'01-05-02'),(253900461684,34,'01-02-03'),(253929694431,40,'01-01-03'),(254078051947,15,'01-01-01'),(254098502391,19,'01-02-03'),(261871461762,40,'01-05-03'),(262210177296,25,'01-03-01'),(262344358018,31,'01-06-04'),(262816196041,37,'01-03-01'),(262818465860,72,'01-03-01'),(262943559485,72,'01-06-04'),(262979756095,34,'01-05-02'),(263006307389,40,'01-02-03'),(263120178634,17,'01-03-03'),(263220760377,28,'01-06-04'),(263526209701,43,'01-06-04'),(263825889712,13,'01-04-03'),(263849043411,36,'01-04-03'),(263927978214,24,'01-01-03'),(263960676748,36,'01-01-04'),(263974762585,27,'01-02-03'),(264045151732,19,'01-02-03'),(264156639708,39,'01-06-04'),(264171313321,19,'01-06-04'),(271308689780,42,'01-05-01'),(271594063018,36,'01-06-04'),(272280315675,44,'01-01-04'),(273016739413,29,'01-02-03'),(273080194558,39,'01-04-03'),(273294617336,26,'01-01-04'),(273354098405,39,'01-01-04'),(273513749356,86,'01-04-03'),(273529872875,18,'01-06-04'),(273670400560,45,'01-04-03'),(273681934421,17,'01-05-02'),(281126890557,40,'01-05-01'),(282573614115,31,'01-06-03'),(282960143878,38,'01-05-03'),(283050982172,38,'01-02-04'),(283109788558,31,'01-06-04'),(283165474550,30,'01-05-03'),(283224356121,30,'01-06-03'),(283228834529,34,'01-04-03'),(283260328974,16,'01-01-04'),(283283845052,40,'01-01-04'),(283347341652,36,'01-04-04'),(291038206253,15,'01-01-04'),(292074779390,49,'01-06-04'),(292322936786,35,'01-06-04'),(292428718150,32,'01-03-03'),(292613944592,33,'01-02-04'),(292808409289,21,'01-06-03'),(292943108293,27,'01-02-04'),(301142795836,27,'01-06-04'),(302062598767,43,'01-01-04'),(302325706364,36,'01-02-04'),(302373877564,12,'01-06-04'),(302396109613,40,'01-04-01'),(302911737274,12,'01-01-04'),(302973169901,39,'01-04-04'),(303038943939,40,'01-06-03'),(311807506381,36,'01-04-01'),(312229709446,42,'01-02-04'),(312262387299,38,'01-05-03'),(321597732915,21,'01-06-02'),(322153712503,18,'01-04-01'),(322550361919,49,'01-05-04'),(322587488902,29,'01-05-03'),(323036552897,45,'01-02-04'),(323254419282,22,'01-04-01'),(323294071554,34,'01-06-03'),(323491348704,24,'01-06-04'),(323518613814,10,'01-02-01'),(323519668514,38,'01-02-01'),(323558568257,49,'01-05-04'),(323569546858,14,'01-05-04'),(323582107048,43,'01-04-01'),(331876597174,20,'01-05-01'),(332134164264,33,'01-01-01'),(332157932522,26,'01-06-02'),(332241937584,19,'01-05-02'),(332799283274,42,'01-06-01'),(332878838480,38,'01-04-01'),(332927653082,19,'01-04-02'),(333003030381,43,'01-02-01'),(350561810114,42,'01-06-03'),(351718250672,34,'01-04-02'),(352141622271,34,'01-02-01'),(352224211390,24,'01-02-04'),(352248060501,45,'01-06-03'),(352389928765,34,'01-02-04'),(352441009974,26,'01-04-02'),(352496589915,17,'01-05-01'),(352575032994,33,'01-02-01'),(360586698892,33,'01-05-02'),(360689326106,23,'01-02-01'),(360819218280,40,'01-02-04'),(360857374663,15,'01-06-04'),(361221590646,18,'01-04-02'),(361363430740,33,'01-04-04'),(361491532178,32,'01-02-04'),(361634650956,13,'01-02-01'),(361855567154,31,'01-06-04'),(361937845497,37,'01-05-03'),(361975106173,12,'01-06-01'),(362100771177,44,'01-02-04'),(362174662099,32,'01-02-04'),(371598599562,19,'01-05-04'),(372494997461,23,'01-04-02'),(372570823009,14,'01-05-04'),(372582901658,29,'01-04-04'),(381525042303,22,'01-05-01'),(381705661172,10,'01-05-04'),(382374375915,13,'01-03-01'),(382691292251,48,'01-05-04'),(382709002370,45,'01-02-01'),(391787354114,30,'01-03-01'),(392011917713,40,'01-02-01'),(392156649125,27,'01-02-02'),(392167008911,44,'01-02-02'),(401411929567,22,'01-03-01');
/*!40000 ALTER TABLE `itemlocation` ENABLE KEYS */;
UNLOCK TABLES;

--
-- Table structure INSERT INTO purchaseOrder
--
/*INSERT INTO purchaseOrder (supplierPostalCode, created, employeeId, orderStatus, deliveredOn)
VALUES 
	('B112BE' , '2019-04-22', 2, 'Delivered', '2019-04-26'),
    ('PE282PH' , '2019-04-27', 2, 'Unauthorised', NULL),
    ('WA95NH' , '2019-04-27', 3, 'Unauthorised', NULL),
    ('B112BE' , '2019-04-28', 2, 'Delivered', '2019-04-30');*/
    
LOCK TABLES purchaseorder WRITE;
/*!40000 ALTER TABLE purchaseorder DISABLE KEYS */;
INSERT INTO purchaseorder VALUES (1,'B112BE','2019-03-18',2,'Delivered','2019-03-29'),(2,'PE282PH','2019-03-29',2,'Delivered','2019-04-05'),(3,'WA95NH','2019-04-27',3,'Delivered','2019-04-27'),(4,'B112BE','2019-04-28',2,'Delivered','2019-04-30'),(5,'WA74UH','2019-04-27',2,'Delivered','2019-04-27'),(6,'HD22XJ','2019-04-27',2,'Delivered','2019-04-27'),(7,'WA58DE','2019-04-27',2,'Delivered','2019-04-27'),(8,'PL254HA','2019-04-27',2,'Delivered','2019-04-27'),(9,'HD22XJ','2019-04-27',2,'Delivered','2019-04-27'),(10,'CA255QE','2019-04-27',2,'Delivered','2019-04-27'),(11,'NG317PS','2019-04-27',2,'Delivered','2019-04-27'),(12,'BH121EQ','2019-04-27',2,'Delivered','2019-04-27'),(13,'NP120ND','2019-04-27',2,'Delivered','2019-04-27'),(14,'LL301HU','2019-04-27',2,'Cancelled',NULL),(15,'WV164AP','2019-04-27',2,'Delivered','2019-04-27'),(16,'WR66HY','2019-04-27',3,'Cancelled',NULL),(17,'NR78DP','2019-04-27',3,'Delivered','2019-04-27'),(18,'ST71HE','2019-04-27',3,'Delivered','2019-04-30'),(19,'WA95NH','2019-04-27',3,'Delivered','2019-04-27'),(20,'DN150BX','2019-04-27',3,'Delivered','2019-04-27'),(21,'CO62LG','2019-04-27',3,'Delivered','2019-04-27'),(22,'SO510PD','2019-04-27',3,'Delivered','2019-04-27'),(23,'ST71HE','2019-04-27',3,'Cancelled',NULL),(24,'RM82DD','2019-04-27',3,'Authorised',NULL),(25,'PL254HA','2019-04-27',3,'Authorised',NULL),(26,'NR325EZ','2019-04-27',3,'Authorised',NULL),(27,'CO62LG','2019-04-27',3,'Cancelled',NULL),(28,'RM82DD','2019-04-27',2,'Unauthorised',NULL),(29,'SA432NW','2019-04-27',2,'Unauthorised',NULL),(30,'SA432NW','2019-04-27',2,'Unauthorised',NULL),(31,'S419AY','2019-04-27',2,'Unauthorised',NULL),(32,'M224RW','2019-04-27',3,'Unauthorised',NULL),(33,'RM82DD','2019-04-27',3,'Unauthorised',NULL),(34,'SN101JQ','2019-04-27',3,'Unauthorised',NULL);
/*!40000 ALTER TABLE purchaseorder ENABLE KEYS */;
UNLOCK TABLES;

--
-- Table structure INSERT INTO poDetails
--
/*INSERT INTO poDetails VALUES 
	(1, 142075538912, 4),
    (1 ,142730822882, 7),
    (1 ,171142284167 ,11),
	(1, 222951089324, 4),
    (1 ,262818465860, 7),
    (1 ,262943559485 ,11),
    
	(2, 122595054128, 9),
    (2 ,162723224673, 3),
    (2 ,281126890557 ,25),
	(2, 283224356121, 18),
    (2 ,302325706364, 21),
    (2 ,323558568257 ,7),
    
	(3, 113006730570, 9),
    (3 ,122157910219, 14),
    (3 ,142075538912 ,22),
	(3, 143023124061, 8),
    (3 ,183242364961, 14),
    (3 ,252841154330 ,26),
    
    (4 ,142075538912 ,12);*/
    
LOCK TABLES podetails WRITE;
/*!40000 ALTER TABLE podetails DISABLE KEYS */;
INSERT INTO podetails VALUES (1,142075538912,4),(1,142730822882,7),(1,171142284167,11),(1,222951089324,4),(1,262818465860,7),(1,262943559485,11),(2,122595054128,9),(2,162723224673,3),(2,281126890557,25),(2,283224356121,18),(2,302325706364,21),(2,323558568257,7),(3,113006730570,9),(3,122157910219,14),(3,142075538912,22),(3,143023124061,8),(3,183242364961,14),(3,252841154330,26),(4,142075538912,12),(5,312229709446,25),(6,382691292251,12),(7,123587263558,30),(8,282573614115,10),(9,382691292251,10),(10,322550361919,15),(11,292613944592,22),(12,173354628713,5),(13,273513749356,50),(14,253047483579,9),(15,151348904829,5),(16,323491348704,45),(17,253578885016,20),(18,153319853459,5),(19,122157910219,31),(20,292322936786,25),(21,292074779390,22),(22,111044776271,16),(23,291038206253,25),(24,123201440314,30),(25,191766505434,20),(26,264171313321,5),(27,292074779390,9),(28,202520517916,5),(29,192662825560,11),(30,192662825560,18),(31,381525042303,12),(32,252620657957,9),(33,123201440314,19),(34,323569546858,22);
/*!40000 ALTER TABLE podetails ENABLE KEYS */;
UNLOCK TABLES;

--this is the end of the file